ID,LAT,LON,New_Greenl,Old_Greenl,Foreign_na,Official_n,Alternativ,RGI_ID,GLIMS_ID,RGI_LON,RGI_LAT,Type
GGN0001,60.116600,-43.370000,Sermeq Kujalleq,Sermeq Kujatdleq,,Sermeq Kujalleq,,RGI40-05.04361,G316578E60159N,-43.421700,60.159300,LGIC
GGN0002,60.134900,-43.512500,Sermeq Avannarleq,Sermeq Avangnardleq,,Sermeq Avannarleq,,RGI40-05.04363,G316482E60158N,-43.518200,60.158400,LGIC
GGN0003,60.162700,-43.727800,Sermikasik Avannarleq,Sermikasik Avangnardleq,,Sermikasik Avannarleq,,RGI40-05.04356,G316285E60178N,-43.715400,60.177900,LGIC
GGN0004,60.163900,-43.703800,Sermikasik Kujalleq,Sermikasik Kujatdleq,,Sermikasik Kujalleq,,RGI40-05.04356,G316285E60178N,-43.715400,60.177900,LGIC
GGN0005,60.217100,-43.337000,Sermeq Avannarleq,Sermeq Avangnardleq,,Sermeq Avannarleq,,RGI40-05.04332,G316577E60220N,-43.422900,60.219900,LGIC
GGN0006,60.235200,-43.264400,Sermeq Qeqqarleq,Sermeq Qerqardleq,,Sermeq Qeqqarleq,,RGI40-05.04331,G316702E60261N,-43.298000,60.261300,LGIC
GGN0007,60.250500,-43.244500,Sermeq Kujalleq,Sermeq Kujatdleq,,Sermeq Kujalleq,,RGI40-05.04331,G316702E60261N,-43.298000,60.261300,LGIC
GGN0008,60.309800,-43.948000,Paarliit Sermiat,,,Paarliit Sermiat,Paarliit Sermia,RGI40-05.04309,G316193E60315N,-43.806600,60.315100,LGIC
GGN0009,60.311400,-45.273600,,,Napasorsuaq Gletsjer,Napasorsuaq Gletsjer,,RGI40-05.03779,G314725E60307N,-45.274900,60.307400,LGIC
GGN0010,60.347900,-44.109300,Sermikasik,,,Sermikasik,,RGI40-05.03889,G315849E60344N,-44.151300,60.343600,LGIC
GGN0011,60.409700,-44.127200,Qinngorliit Sermiat,,,Qinngorliit Sermiat,Qinngerliit Sermiat,RGI40-05.04288,G315830E60462N,-44.169900,60.462200,LGIC
GGN0012,60.531900,-44.425600,Sermitsiaq,Sermitsiaq,,Sermitsiaq,,RGI40-05.04052,G315652E60546N,-44.348200,60.545500,LGIC
GGN0013,60.568600,-44.463600,Sermersuasik,,,Sermersuasik,,RGI40-05.04143,G315572E60586N,-44.428100,60.586400,LGIC
GGN0014,60.702200,-45.237500,Sermitsiaq Killeq,Sermitsiaq Kitdleq,,Sermitsiaq Killeq,,RGI40-05.04402,G314767E60701N,-45.233300,60.700800,LGIC
GGN0015,60.716500,-45.207000,Sermitsiaq Kangilleq,Sermitsiaq Kangigdleq,,Sermitsiaq Kangilleq,,RGI40-05.04310,G314796E60715N,-45.204400,60.714500,LGIC
GGN0016,60.797700,-44.490200,Sermeq,Sermeq,,Sermeq,,,,0.000000,0.000000,GrIS
GGN0017,60.859800,-44.876400,Siorallip Sermia,Sioragdlip Sermia,,Siorallip Sermia,,,,0.000000,0.000000,GrIS
GGN0018,60.966700,-44.916700,Sermeq Kangilleq,Sermeq Kangigdleq,,Sermeq Kangilleq,,,,0.000000,0.000000,GrIS
GGN0019,60.983300,-45.016700,,,Jespersen Bræ,Jespersen Bræ,,,,0.000000,0.000000,GrIS
GGN0020,60.984500,-46.986300,Sermilik,,Sermilik Bræ,Sermilik,,,,0.000000,0.000000,GrIS
GGN0021,60.993800,-45.907900,,,Narsaq Bræ,Narsaq Bræ,,RGI40-05.04721,G314094E60995N,-45.905800,60.995400,LGIC
GGN0022,61.008800,-46.686000,Qalerallit Sermiat,Qaleragdlit Sermiat,,Qalerallit Sermiat,,,,0.000000,0.000000,GrIS
GGN0023,61.037300,-46.581200,Naajat Sermiat,Naujat Sermiat,,Naajat Sermiat,,,,0.000000,0.000000,GrIS
GGN0024,61.050000,-47.666700,,,Nordre Qipisaqqu Bræ,Nordre Qipisaqqu Bræ,,,,0.000000,0.000000,GrIS
GGN0025,61.050000,-47.500000,,,Søndre Qipisaqqu Bræ,Søndre Qipisaqqu Bræ,,,,0.000000,0.000000,GrIS
GGN0026,61.090000,-46.418400,Ilorliit,Ilordlît,,Ilorliit,,,,0.000000,0.000000,GrIS
GGN0027,61.095000,-46.317100,Serminnguaq,Sermínguaq,,Serminnguaq,,,,0.000000,0.000000,GrIS
GGN0028,61.145200,-47.742400,,,Søndre Qoornoq Bræ,Søndre Qoornoq Bræ,,,,0.000000,0.000000,GrIS
GGN0029,61.191200,-47.718100,,,Nordre Qoornoq Bræ,Nordre Qoornoq Bræ,,,,0.000000,0.000000,GrIS
GGN0030,61.214900,-48.451200,,,Storebræ,Storebræ,,RGI40-05.04997,G311549E61209N,-48.451100,61.209100,LGIC
GGN0031,61.215700,-48.430900,,,Nordre Hængebræ,Nordre Hængebræ,,RGI40-05.04989,G311571E61214N,-48.428600,61.214400,LGIC
GGN0032,61.266700,-45.266700,Kiattuut Sermiat,Kiagtût Sermiat,,Kiattuut Sermiat,,,,0.000000,0.000000,GrIS
GGN0033,61.276500,-46.150100,Eqalorutsit Killiit Sermiat,Eqalorutsit Kitdlît Sermiat,,Eqalorutsit Killiit Sermiat,,,,0.000000,0.000000,GrIS
GGN0034,61.296600,-44.960800,,,Sydtunge,Sydtunge,,,,0.000000,0.000000,GrIS
GGN0035,61.298600,-44.799900,,,Tretungegletsjer,Tretungegletsjer,,,,0.000000,0.000000,GrIS
GGN0036,61.310700,-47.869300,Sermeq,Sermeq,Arsuk Bræ,Sermeq,,,,0.000000,0.000000,GrIS
GGN0037,61.312300,-44.996400,,,Nordtunge,Nordtunge,,,,0.000000,0.000000,GrIS
GGN0038,61.345700,-44.983900,Qooqqup Sermia,Qôrqup Sermia,,Qooqqup Sermia,,,,0.000000,0.000000,GrIS
GGN0039,61.351700,-47.806500,,,Sortisen,Sortisen,,,,0.000000,0.000000,GrIS
GGN0040,61.366200,-45.158600,,,Sydgletsjer,Sydgletsjer,,,,0.000000,0.000000,GrIS
GGN0041,61.375300,-45.731800,Eqalorutsit Kangilliit Sermiat,Eqalorutsit Kangigdlît Sermiat,,Eqalorutsit Kangilliit Sermiat,,,,0.000000,0.000000,GrIS
GGN0042,61.433300,-45.400000,,,Nordbogletsjer,Nordbogletsjer,,,,0.000000,0.000000,GrIS
GGN0043,61.455800,-44.951800,,,Østgletsjer,Østgletsjer,,,,0.000000,0.000000,GrIS
GGN0044,61.478000,-45.156400,,,Nordgletsjer,Nordgletsjer,,,,0.000000,0.000000,GrIS
GGN0045,61.519800,-47.969700,,,Sioralik Bræ,Sioralik Bræ,,,,0.000000,0.000000,GrIS
GGN0046,61.637700,-48.139900,Sermiligaarsuup Sermia,,Sermiligaarsuk Bræ,Sermiligaarsuup Sermia,,,,0.000000,0.000000,GrIS
GGN0047,61.966700,-48.633300,Uukkaasorsuaq,Ùkâssorssuaq,Sermilik Bræ,Uukkaasorsuaq,,,,0.000000,0.000000,GrIS
GGN0048,62.079500,-48.766600,,,Nigerlikasik Bræ,Nigerlikasik Bræ,,,,0.000000,0.000000,GrIS
GGN0049,62.195400,-48.827400,,,Akulleq Bræ,Akulleq Bræ,,,,0.000000,0.000000,GrIS
GGN0050,62.200000,-42.350000,Sikuijivittip Apusiia,Sikuijivítip Apusîa,,Sikuijivittip Apusiia,,,,0.000000,0.000000,GrIS
GGN0051,62.222000,-48.973100,,,Avannarleq Bræ,Avannarleq Bræ,,,,0.000000,0.000000,GrIS
GGN0052,62.557100,-49.891100,Sioqqap Sermia,,Frederikshåb Isblink,Sioqqap Sermia,,,,0.000000,0.000000,GrIS
GGN0053,62.905200,-42.685100,,,Heimdal Gletsjer,Heimdal Gletsjer,,,,0.000000,0.000000,GrIS
GGN0054,63.055600,-42.380700,,,Garm,Garm,,RGI40-05.06021,G317519E63061N,-42.480900,63.060700,LGIC
GGN0055,63.065900,-49.584800,Nakkaasorsuaq,Nákâssorssuaq,,Nakkaasorsuaq,Allumersat Qinnguata Sermia,,,0.000000,0.000000,GrIS
GGN0056,63.183300,-41.583300,Apusiigajik,Apusîkajik,,Apusiigajik,,RGI40-05.06236,G318388E63185N,-41.612500,63.184900,LGIC
GGN0057,63.221600,-42.545500,,,Guldfaxe,Guldfaxe,,,,0.000000,0.000000,GrIS
GGN0058,63.289900,-41.467800,,,Bjarke Gletsjer,Bjarke Gletsjer,,RGI40-05.06305,G318528E63295N,-41.472200,63.295300,LGIC
GGN0059,63.292600,-41.916800,Apusiigajik,Apusîkajik,Skinfaxe,Apusiigajik,"Apusiikajik; Apusiigai",,,0.000000,0.000000,GrIS
GGN0060,63.305000,-42.366900,,,Rimfaxe,Rimfaxe,,,,0.000000,0.000000,GrIS
GGN0061,63.305600,-41.296100,,,Hjalte Gletsjer,Hjalte Gletsjer,,RGI40-05.06324,G318697E63308N,-41.303200,63.308400,LGIC
GGN0062,63.308600,-41.246700,Apusiigajik,Apusîkajik,,Apusiigajik,,RGI40-05.06320,G318744E63310N,-41.256000,63.310100,LGIC
GGN0063,63.325500,-42.271800,,,Ygdrasil,Ygdrasil,,RGI40-05.06267,G317703E63336N,-42.297500,63.335600,LGIC
GGN0064,63.330400,-42.159400,,,Tjasse Gletsjer,Tjasse Gletsjer,,,,0.000000,0.000000,GrIS
GGN0065,63.334200,-40.700800,Apusiigajik,Apusîkajik,,Apusiigajik,,RGI40-05.06412,G318850E63397N,-41.150500,63.396600,LGIC
GGN0066,63.335100,-41.507600,,,Vigge Gletsjer,Vigge Gletsjer,,RGI40-05.06401,G318483E63335N,-41.517500,63.334900,LGIC
GGN0067,63.371400,-41.526300,Qoornersaata Apuseertakajaa,Qôrnersâta Apusêrtakajâ,Njord Gletsjer,Qoornersaata Apuseertakajaa,,RGI40-05.06394,G318464E63372N,-41.536400,63.371800,LGIC
GGN0068,63.383300,-41.716700,Apuseerajik,Apusêrajik,,Apuseerajik,,RGI40-05.06423,G318284E63395N,-41.716200,63.394500,LGIC
GGN0069,63.431000,-41.960800,Kattilersarpik,Kagtilersarpik,Rumleren,Kattilersarpik,Apuseerngai,,,0.000000,0.000000,GrIS
GGN0070,63.454000,-41.965900,Singiiaaleqaaq,Singîâleqaoq,,Singiiaaleqaaq,Tingiaaleraar,RGI40-05.06466,G318031E63454N,-41.968700,63.453600,LGIC
GGN0071,63.458900,-41.815000,Miialeqaaq,Mîaleqaoq,,Miialeqaaq,,RGI40-05.06485,G318182E63459N,-41.818200,63.458600,LGIC
GGN0072,63.459600,-41.749600,Apusiigajik,Apusîkajik,Skjoldmøen,Apusiigajik,"Apusiikajik; Apusiigai",RGI40-05.06486,G318253E63432N,-41.747500,63.432000,LGIC
GGN0073,63.542900,-41.991200,,,Thrym Gletsjer,Thrym Gletsjer,,,,0.000000,0.000000,GrIS
GGN0074,63.557600,-50.399900,Sermeq,Sermeq,,Sermeq,,,,0.000000,0.000000,GrIS
GGN0075,63.583200,-41.235800,,,Sigyn Gletsjer,Sigyn Gletsjer,,RGI40-05.06803,G318726E63593N,-41.274100,63.592800,LGIC
GGN0076,63.586900,-41.625100,,,Storehund,Storehund,,,,0.000000,0.000000,GrIS
GGN0077,63.608100,-41.748300,,,Jomfruen,Jomfruen,,,,0.000000,0.000000,GrIS
GGN0078,63.613800,-41.552100,,,Lossen,Lossen,,,,0.000000,0.000000,GrIS
GGN0079,63.640700,-41.487800,,,Skorpionen,Skorpionen,,,,0.000000,0.000000,GrIS
GGN0080,63.641500,-41.158500,,,Tjalfe Gletsjer,Tjalfe Gletsjer,,RGI40-05.06796,G318852E63633N,-41.147600,63.633300,LGIC
GGN0081,63.645400,-41.053100,,,Røskva Gletsjer,Røskva Gletsjer,,RGI40-05.06799,G318955E63641N,-41.045400,63.640600,LGIC
GGN0082,63.691200,-41.868100,,,Mælkevejen,Mælkevejen,,,,0.000000,0.000000,GrIS
GGN0083,63.704600,-40.738700,,,Gymer Gletsjer,Gymer Gletsjer,,RGI40-05.07003,G319232E63744N,-40.767600,63.744400,LGIC
GGN0084,63.705100,-40.879000,,,Gerd Gletsjer,Gerd Gletsjer,,RGI40-05.07005,G319028E63741N,-40.972100,63.740500,LGIC
GGN0085,63.716700,-41.650000,,,Storebjørn,Storebjørn,,,,0.000000,0.000000,GrIS
GGN0086,63.724700,-40.977300,,,Ydun Gletsjer,Ydun Gletsjer,,RGI40-05.07005,G319028E63741N,-40.972100,63.740500,LGIC
GGN0087,63.809500,-40.676900,,,Gjallerbroen,Gjallerbroen,,RGI40-05.07011,G319268E63812N,-40.732400,63.811700,LGIC
GGN0088,63.879700,-40.728200,,,Gungner,Gungner,,RGI40-05.07168,G319152E63854N,-40.848200,63.853600,LGIC
GGN0089,63.884600,-41.765400,,,A.P. Bernstorff Gletsjer,A.P. Bernstorff Gletsjer,,,,0.000000,0.000000,GrIS
GGN0090,63.900000,-41.333300,,,Sleipner,Sleipner,,,,0.000000,0.000000,GrIS
GGN0091,63.950200,-41.514600,,,Fimbulgletsjer,Fimbulgletsjer,,,,0.000000,0.000000,GrIS
GGN0092,64.115900,-40.607000,Qapiarpik,Qapiarpik,,Qapiarpik,Qapiarpi,RGI40-05.07193,G319241E64087N,-40.758800,64.086800,LGIC
GGN0093,64.150000,-49.750000,Kangaasarsuup Sermia,Kangaussarssûp Sermia,,Kangaasarsuup Sermia,,,,0.000000,0.000000,GrIS
GGN0094,64.296600,-49.610200,Kangiata Nunaata Sermia,Kangiata nunâta Sermia,,Kangiata Nunaata Sermia,,,,0.000000,0.000000,GrIS
GGN0095,64.350000,-41.566700,,,Gråulv,Gråulv,,,,0.000000,0.000000,GrIS
GGN0096,64.363000,-40.930800,Apuseerserpia,Apusêrserpia,,Apuseerserpia,,,,0.000000,0.000000,GrIS
GGN0097,64.383300,-49.477900,Akullersuup Sermia,Akugdlerssûp Sermia,,Akullersuup Sermia,,,,0.000000,0.000000,GrIS
GGN0098,64.398100,-40.655100,Puisertoq,Puisertoq,,Puisertoq,,,,0.000000,0.000000,GrIS
GGN0099,64.404900,-51.123200,Sermikasik,,,Sermikasik,,RGI40-05.07469,G308910E64399N,-51.090200,64.398900,LGIC
GGN0100,64.462000,-40.205700,Kangerup Apusiia,Kangerup Apusîa,,Kangerup Apusiia,Kangi Apusiia,RGI40-05.07490,G319659E64488N,-40.341200,64.488200,LGIC
GGN0101,64.487200,-49.506400,Qamanaarsuup Sermia,Qamanârssûp Sermia,,Qamanaarsuup Sermia,,,,0.000000,0.000000,GrIS
GGN0102,64.667200,-49.857600,Narsap Sermia,Narssap Sermia,,Narsap Sermia,,,,0.000000,0.000000,GrIS
GGN0103,64.866700,-49.900000,Kangilinnguata Sermia,Kangilínguata Sermia,,Kangilinnguata Sermia,,,,0.000000,0.000000,GrIS
GGN0104,65.073100,-40.195500,Apuseeq,Apusêq,,Apuseeq,,,,0.000000,0.000000,GrIS
GGN0105,65.286900,-50.428900,Saqqap Sermia,Sarqap Sermia,,Saqqap Sermia,,,,0.000000,0.000000,GrIS
GGN0106,65.316700,-51.833300,Sermeralak,Sermeralak,,Sermeralak,,RGI40-05.00035,G308167E65307N,-51.832700,65.306900,LGIC
GGN0107,65.614200,-52.454100,Sermeralak Killeq,,,Sermeralak Killeq,,RGI40-05.00340,G307572E65613N,-52.428100,65.613200,LGIC
GGN0108,65.628000,-38.708400,Nattivit Apusiiat,Apusêrsêrpia,,Nattivit Apusiiat,"Apuseerseerpia; Naddivid Apusiiad; Apuseer",,,0.000000,0.000000,GrIS
GGN0109,65.628800,-52.085300,Qapiarfiup Sermia,Qapiarfiup Sermia,,Qapiarfiup Sermia,,RGI40-05.00115,G307874E65600N,-52.126200,65.600000,LGIC
GGN0110,65.632600,-52.653700,Sermeralak,,,Sermeralak,,RGI40-05.00111,G307352E65626N,-52.648500,65.625900,LGIC
GGN0111,65.647200,-37.077700,Apusiaajik,Apusiâjik,,Apusiaajik,Apusiaai,RGI40-05.11158,G322948E65651N,-37.052500,65.651200,LGIC
GGN0112,65.649000,-52.437300,Sermeralak Kangilleq,,,Sermeralak Kangilleq,,RGI40-05.00355,G307607E65641N,-52.393100,65.641000,LGIC
GGN0113,65.655100,-36.981500,Apusiaajik Kiatteq,Apusiâjik,,Apusiaajik Kiatteq,"Apusiaajik; Apusiaai Kiadder",RGI40-05.11117,G323016E65653N,-36.983900,65.652800,LGIC
GGN0114,65.663200,-51.556800,Aappilanileralak,,,Aappilanileralak,,RGI40-05.00086,G308448E65663N,-51.551700,65.663100,LGIC
GGN0115,65.703500,-38.741200,,,Bussemandgletsjer,Bussemandgletsjer,,,,0.000000,0.000000,GrIS
GGN0116,65.733300,-37.000000,Apuseeq,Apusêq,,Apuseeq,,RGI40-05.11219,G322988E65738N,-37.012400,65.737900,LGIC
GGN0117,65.800900,-38.223600,Apuseerajik Anngittumanngitteq,,Hobbs Gletsjer,Apuseerajik Anngittumanngitteq,Apuseerngai anngitsumanngitser,RGI40-05.11225,G321802E65782N,-38.197800,65.782200,LGIC
GGN0118,65.860900,-36.231800,Apuseertaa,Apusêrtâ,,Apuseertaa,,RGI40-05.11354,G323767E65862N,-36.232800,65.861600,LGIC
GGN0119,65.863000,-52.522700,Sermeralak,,,Sermeralak,,RGI40-05.00268,G307470E65859N,-52.530000,65.859100,LGIC
GGN0120,65.867300,-38.377000,Apuseerajik,Apusêrajik,Hann Gletsjer,Apuseerajik,Apuseerngai,RGI40-05.11257,G321575E65856N,-38.424900,65.855500,LGIC
GGN0121,65.875700,-37.403900,,,Dobbeltbræen,Dobbeltbræen,,RGI40-05.11365,G322578E65882N,-37.422400,65.882200,LGIC
GGN0122,65.916700,-36.550000,Apusiiaajik,Apusiâjik,,Apusiiaajik,"Apusiaajik; Apusiaai",RGI40-05.11398,G323454E65915N,-36.545900,65.914500,LGIC
GGN0123,65.926800,-36.580200,Apusiigajik,Apusîgajik,,Apusiigajik,"Apusiikajik; Apusiigai",RGI40-05.11414,G323425E65926N,-36.575500,65.925800,LGIC
GGN0124,65.928100,-52.430800,Sermitsiaq Kangilleq,,,Sermitsiaq Kangilleq,,RGI40-05.00828,G307587E65935N,-52.413500,65.935200,LGIC
GGN0125,65.933300,-51.800000,Aalasaama,Aulasâma,,Aalasaama,,RGI40-05.00314,G308176E65918N,-51.824500,65.917600,LGIC
GGN0126,65.935700,-38.460100,Kangertivala Apusiiala Qeqqarterpaartaa,Apusêrajik,Brückner Gletsjer,Kangertivala Apusiiala Qeqqarterpaartaa,"Apuseerajik; Kangertsivala Apusiiala Qeqqartserpaartaa",,,0.000000,0.000000,GrIS
GGN0127,65.944700,-37.442200,Apuseerajik,Apusêrajik,,Apuseerajik,Apuseerngai,RGI40-05.11359,G322551E65918N,-37.449300,65.918000,LGIC
GGN0128,65.961300,-52.072100,Inorersut Sermiat,,,Inorersut Sermiat,,RGI40-05.00310,G307955E65949N,-52.045100,65.949300,LGIC
GGN0129,65.963200,-52.262100,Taateraatsiaat Sermiat,Tâterâtsiait Sermiat,,Taateraatsiaat Sermiat,Taateraat Sermiat Killeq,RGI40-05.00818,G307687E65965N,-52.313500,65.964500,LGIC
GGN0130,65.964900,-52.562300,Sisuugussiviup Sermia,Sisûgússiviup Sermia,,Sisuugussiviup Sermia,,RGI40-05.00303,G307450E65956N,-52.550400,65.956200,LGIC
GGN0131,65.966700,-52.500000,Sermitaq Ammalortoq,Sermitaq Angmalortoq,,Sermitaq Ammalortoq,,RGI40-05.00839,G307519E65964N,-52.480900,65.964200,LGIC
GGN0132,65.983300,-52.300000,Itillineq,Itivdlineq,,Itillineq,,RGI40-05.00818,G307687E65965N,-52.313500,65.964500,LGIC
GGN0133,65.986600,-38.449600,Kangertsivala Apusiia,,Heim Gletsjer,Kangertsivala Apusiia,,,,0.000000,0.000000,GrIS
GGN0134,65.990600,-51.894600,Tapa,Tapa,,Tapa,,RGI40-05.00304,G308045E65929N,-51.955000,65.929300,LGIC
GGN0135,66.005300,-52.453100,Taateraat Sermiat,Tâterât Sermiat,,Taateraat Sermiat,,RGI40-05.00800,G307859E66095N,-52.141000,66.094500,LGIC
GGN0136,66.009600,-38.364400,Kattilertarpia,Kagtilersorpia,,Kattilertarpia,"Kattilersorpia; Kaddilertsarpia",,,0.000000,0.000000,GrIS
GGN0137,66.012100,-36.012800,Apuseeq,Apusineq,,Apuseeq,Apusineq,RGI40-05.13934,G323982E66014N,-36.017800,66.013500,LGIC
GGN0138,66.015200,-52.994700,Sermeralak,Sermeralak,,Sermeralak,Sermeralaa,RGI40-05.00854,G307077E66077N,-52.922900,66.076500,LGIC
GGN0139,66.016700,-52.200000,Taateraatsiaat Sermiat,Tâterâtsiait Sermiat,,Taateraatsiaat Sermiat,Taateraat Sermiat Kangilleq,RGI40-05.00798,G307793E66027N,-52.206900,66.027000,LGIC
GGN0140,66.016700,-52.816700,Sermitsiaq,Sermitsiaq,,Sermitsiaq,,RGI40-05.00817,G307554E66152N,-52.445900,66.151900,LGIC
GGN0141,66.037200,-52.059500,Salliarusiarsuit Sermiat,Sagdliarusiarssuit Sermiat,,Salliarusiarsuit Sermiat,,RGI40-05.00824,G307940E66043N,-52.060200,66.043000,LGIC
GGN0142,66.046900,-36.318800,Apuseerajik,Apusêrajik,,Apuseerajik,Apuseerngaiid,RGI40-05.11639,G323695E66046N,-36.304700,66.046300,LGIC
GGN0143,66.049300,-52.482900,Avannarliup Sermia,Avangnardliup Sermia,,Avannarliup Sermia,,RGI40-05.00831,G307600E66099N,-52.400000,66.099300,LGIC
GGN0144,66.050000,-52.000000,Salliarutsit Sermiat,Sagdliarutsit Sermiat,,Salliarutsit Sermiat,,RGI40-05.00822,G308004E66062N,-51.995800,66.061700,LGIC
GGN0145,66.060700,-51.904200,Ippattaq,Ípagtaq,,Ippattaq,,RGI40-05.00821,G308098E66060N,-51.902000,66.059700,LGIC
GGN0146,66.069900,-51.862900,Nakkarajooq,Nákarajôq,,Nakkarajooq,,RGI40-05.00814,G308093E66087N,-51.907000,66.087400,LGIC
GGN0147,66.085100,-36.028000,,,Stephan Gletsjer,Stephan Gletsjer,,RGI40-05.13886,G323938E66079N,-36.062500,66.079100,LGIC
GGN0148,66.112400,-36.758900,,,Kaarali Gletsjer,Kaarali Gletsjer,,RGI40-05.13930,G323201E66153N,-36.798700,66.152900,LGIC
GGN0149,66.130200,-53.013000,,,Fagerbræ,Fagerbræ,,RGI40-05.00846,G307026E66114N,-52.974500,66.114300,LGIC
GGN0150,66.132400,-36.134300,,,Idrac Gletsjer,Idrac Gletsjer,,RGI40-05.13995,G323748E66257N,-36.252100,66.257200,LGIC
GGN0151,66.183300,-51.166700,,,Quantum Gletsjer,Quantum Gletsjer,,RGI40-05.00445,G308765E66141N,-51.235500,66.141400,LGIC
GGN0152,66.183300,-52.850000,,,Dybe Rende,Dybe Rende,,RGI40-05.00845,G307222E66172N,-52.777500,66.171700,LGIC
GGN0153,66.187000,-38.071400,Apuseerajik,Apusêrajik,,Apuseerajik,Apuseerngai,,,0.000000,0.000000,GrIS
GGN0154,66.210100,-36.221100,Apuseeq,Apusêq,Knud Rasmussen Gletsjer,Apuseeq,,RGI40-05.13995,G323748E66257N,-36.252100,66.257200,LGIC
GGN0155,66.218300,-52.725900,,,Lyngbræ,Lyngbræ,,RGI40-05.00809,G307316E66184N,-52.684100,66.183600,LGIC
GGN0156,66.266700,-51.383300,,,Tasersiaq Gletsjer,Tasersiaq Gletsjer,,RGI40-05.00794,G308453E66278N,-51.546600,66.278100,LGIC
GGN0157,66.266700,-52.633300,,,Vimmelskaftet,Vimmelskaftet,,RGI40-05.00844,G307452E66239N,-52.548400,66.238900,LGIC
GGN0158,66.300200,-36.742300,,,16. September Gletsjer,16. September Gletsjer,,RGI40-05.13916,G323299E66302N,-36.701000,66.302400,LGIC
GGN0159,66.316700,-51.416700,,,Sarfartooq Gletsjer,Sarfartooq Gletsjer,,RGI40-05.00794,G308453E66278N,-51.546600,66.278100,LGIC
GGN0160,66.317600,-35.790200,Apuseerajik,Apusêrajik,,Apuseerajik,,RGI40-05.13978,G324231E66323N,-35.768900,66.323100,LGIC
GGN0161,66.350400,-52.558500,Serminnguaq,Sermínguaq,,Serminnguaq,,RGI40-05.00793,G307609E66296N,-52.390700,66.295900,LGIC
GGN0162,66.371400,-36.167300,,,Håbet Gletsjer,Håbet Gletsjer,,RGI40-05.13995,G323748E66257N,-36.252100,66.257200,LGIC
GGN0163,66.373500,-38.306700,,,Helheim Gletsjer,Helheim Gletsjer,,,,0.000000,0.000000,GrIS
GGN0164,66.380300,-34.886300,Tuttiliip Kattertarpia,Tugtilîp Kagtilersorpia,,Tuttiliip Kattertarpia,"Tuttiliip Kattilersorpia; Tuddiliip Kaddilertsarpia",RGI40-05.13754,G325104E66415N,-34.896400,66.414600,LGIC
GGN0165,66.382000,-37.543900,Apuseerajik,Apusêrajik,Fenris Gletsjer,Apuseerajik,Apuseerngai,,,0.000000,0.000000,GrIS
GGN0166,66.387300,-35.292900,Nigertuluup Kattilertarpia Oqqorteq,Nigertulûp Kagtilersarpia orqorseq,,Nigertuluup Kattilertarpia Oqqorteq,"Nigertuluup Kattilersorpia Oqqorseq; Ningertuluup Kaddilertsarpia Oqqortser",RGI40-05.13965,G324755E66481N,-35.245300,66.481000,LGIC
GGN0167,66.433500,-35.161400,Nigertuluup Kattilertarpia Kiatteq,Nigertulûp Kagtilersarpia Kiáteq,,Nigertuluup Kattilertarpia Kiatteq,"Nigertuluup Kattilersarpia Kiatteq; NIngertuluup Kaddilertsarpia Kiadder",RGI40-05.13965,G324755E66481N,-35.245300,66.481000,LGIC
GGN0168,66.443600,-36.738100,Nigertiip Apusiia,,Midgård Gletsjer,Nigertiip Apusiia,Ningertii apusiia,,,0.000000,0.000000,GrIS
GGN0169,66.447500,-35.723000,Kattilertarpia,Kagtilersorpia,,Kattilertarpia,"Kattilersorpia; Kaddilertsarpia",RGI40-05.13961,G324527E66490N,-35.473100,66.490300,LGIC
GGN0170,66.500800,-37.843600,,,Skakt Gletsjer,Skakt Gletsjer,,RGI40-05.12459,G322152E66557N,-37.848400,66.557300,LGIC
GGN0171,66.505600,-34.858800,Sulussuulip Apusiia,Sulugssûtip Apusîa,K.J.V. Steenstrup Søndre Bræ,Sulussuulip Apusiia,"Sulussuutip Apusiia; Tsulutsuulip Apusiia",RGI40-05.13952,G325098E66512N,-34.902400,66.512400,LGIC
GGN0172,66.514500,-52.689300,Serminnguaq,Sermínguaq,,Serminnguaq,,RGI40-05.00991,G307314E66506N,-52.686100,66.506400,LGIC
GGN0173,66.520900,-36.236100,Kattilersorpia,Kagtilersorpia,Glacier de France,Kattilersorpia,,RGI40-05.13983,G324091E66567N,-35.909000,66.566800,LGIC
GGN0174,66.566500,-36.767800,,,Franche Comté Gletsjer,Franche Comté Gletsjer,,,,0.000000,0.000000,GrIS
GGN0175,66.595500,-34.727000,,,K.J.V. Steenstrup Nordre Bræ,K.J.V. Steenstrup Nordre Bræ,,,,0.000000,0.000000,GrIS
GGN0176,66.621900,-36.116900,,,Pourquoi-pas Gletsjer,Pourquoi-pas Gletsjer,,RGI40-05.13983,G324091E66567N,-35.909000,66.566800,LGIC
GGN0177,66.650000,-36.666700,,,Femstjernen,Femstjernen,,,,0.000000,0.000000,GrIS
GGN0178,66.732000,-36.177900,,,Champs Elysees Gletsjer,Champs Elysees Gletsjer,,,,0.000000,0.000000,GrIS
GGN0179,66.733300,-37.066700,,,Juragletsjeren,Juragletsjeren,,,,0.000000,0.000000,GrIS
GGN0180,66.791400,-36.217800,,,Kristian Gletsjer,Kristian Gletsjer,,,,0.000000,0.000000,GrIS
GGN0181,66.831200,-36.834400,,,Paris Gletsjer,Paris Gletsjer,,,,0.000000,0.000000,GrIS
GGN0182,66.883300,-36.750000,,,Bjørnegletsjer,Bjørnegletsjer,,,,0.000000,0.000000,GrIS
GGN0183,66.900000,-37.250000,,,Døren,Døren,,,,0.000000,0.000000,GrIS
GGN0184,66.930400,-36.949000,,,Forelporten,Forelporten,,,,0.000000,0.000000,GrIS
GGN0185,66.931500,-36.676200,,,Vinduet,Vinduet,,,,0.000000,0.000000,GrIS
GGN0186,66.936700,-34.114800,,,Laube Gletsjer,Laube Gletsjer,,RGI40-05.12089,G325788E66942N,-34.212000,66.941500,LGIC
GGN0187,66.966100,-36.741000,,,Nordgabet,Nordgabet,,,,0.000000,0.000000,GrIS
GGN0188,67.187500,-50.171600,Isunnguata Sermia,Isúnguata Sermia,,Isunnguata Sermia,,,,0.000000,0.000000,GrIS
GGN0189,67.516700,-49.916700,Inuppaat Quuat,Inugpait Qûat,,Inuppaat Quuat,,,,0.000000,0.000000,GrIS
GGN0190,67.877400,-33.379900,,,Søndre Parallelgletsjer,Søndre Parallelgletsjer,,RGI40-05.12680,G326477E67858N,-33.522800,67.858300,LGIC
GGN0191,67.893500,-33.298300,,,Nordre Parallelgletsjer,Nordre Parallelgletsjer,,RGI40-05.12680,G326477E67858N,-33.522800,67.858300,LGIC
GGN0192,67.942200,-50.109000,,,Geographical Union Gletsjer,Geographical Union Gletsjer,,,,0.000000,0.000000,GrIS
GGN0193,67.950000,-32.450000,Apuliliip Apusiia,Aputitêrtîp Apusîa,Polaric Gletsjer,Apuliliip Apusiia,"Aputiteertiip Apusiia; Apuliliip Apusiia",RGI40-05.12685,G327559E68005N,-32.440800,68.004500,LGIC
GGN0194,67.950500,-50.300500,Usulluup Sermia,Usugdlûp Sermia,Poloniagletsjer,Usulluup Sermia,,,,0.000000,0.000000,GrIS
GGN0195,68.083300,-50.266700,,,J.P. Koch Gletsjer,J.P. Koch Gletsjer,,,,0.000000,0.000000,GrIS
GGN0196,68.110900,-32.856000,,,Hutchinson Gletsjer,Hutchinson Gletsjer,,RGI40-05.12685,G327559E68005N,-32.440800,68.004500,LGIC
GGN0197,68.116700,-31.700000,,,Tindegletsjer,Tindegletsjer,,RGI40-05.12372,G328315E68124N,-31.685000,68.123500,LGIC
GGN0198,68.125800,-31.685500,,,Brødregletsjer,Brødregletsjer,,RGI40-05.12372,G328315E68124N,-31.685000,68.123500,LGIC
GGN0199,68.128100,-31.613000,,,Hammer Gletsjer,Hammer Gletsjer,,RGI40-05.12414,G328401E68133N,-31.599000,68.133200,LGIC
GGN0200,68.140900,-31.675200,,,Basisgletsjer,Basisgletsjer,,RGI40-05.12402,G328322E68141N,-31.678300,68.140500,LGIC
GGN0201,68.154500,-31.573900,,,Udløberen,Udløberen,,RGI40-05.12567,G328426E68160N,-31.574000,68.160300,LGIC
GGN0202,68.175800,-31.640400,,,Forbindelsesgletsjer,Forbindelsesgletsjer,,RGI40-05.12568,G328377E68172N,-31.623400,68.171900,LGIC
GGN0203,68.223600,-31.665800,,,Dobbeltgletsjeren,Dobbeltgletsjeren,,RGI40-05.12692,G328363E68219N,-31.636900,68.218600,LGIC
GGN0204,68.255800,-30.928300,,,Schelderup Gletsjer,Schelderup Gletsjer,,RGI40-05.12852,G328959E68281N,-31.041000,68.281400,LGIC
GGN0205,68.267900,-32.397400,,,Søndre Syenitgletsjer,Søndre Syenitgletsjer,,RGI40-05.12686,G327585E68274N,-32.414600,68.274400,LGIC
GGN0206,68.291200,-32.778700,,,Hovedvejen,Hovedvejen,,RGI40-05.12903,G327175E68227N,-32.824800,68.226500,LGIC
GGN0207,68.305400,-32.379000,,,Nordre Syenitgletsjer,Nordre Syenitgletsjer,,RGI40-05.12906,G327622E68308N,-32.377900,68.308400,LGIC
GGN0208,68.325400,-51.007300,Akuliarutsip Sermia,Akuliarutsip Sermia,Nordenskiöld Gletsjer,Akuliarutsip Sermia,"Akuliarutsip Sermersua; Tasiusarsuup Sermersua",,,0.000000,0.000000,GrIS
GGN0209,68.333300,-31.916700,,,Sidegletsjer,Sidegletsjer,,RGI40-05.12769,G328155E68353N,-31.845500,68.352900,LGIC
GGN0210,68.345400,-32.472200,,,Kælvegletsjer,Kælvegletsjer,,RGI40-05.12934,G327414E68310N,-32.585700,68.310300,LGIC
GGN0211,68.455700,-31.662000,,,Frederiksborg Gletsjer,Frederiksborg Gletsjer,,,,0.000000,0.000000,GrIS
GGN0212,68.506000,-30.932800,,,Sorgenfri Gletsjer,Sorgenfri Gletsjer,,,,0.000000,0.000000,GrIS
GGN0213,68.582200,-31.637500,,,Gaffelen,Gaffelen,,,,0.000000,0.000000,GrIS
GGN0214,68.597500,-32.022800,,,Courtauld Gletsjer,Courtauld Gletsjer,,,,0.000000,0.000000,GrIS
GGN0215,68.616400,-33.220100,Apuseeq Qinnilik,Apusêq Qivnilik,,Apuseeq Qinnilik,,,,0.000000,0.000000,GrIS
GGN0216,68.636900,-29.383600,,,Rosenborg Gletsjer,Rosenborg Gletsjer,,RGI40-05.13667,G330976E68786N,-29.023600,68.786100,LGIC
GGN0217,68.637200,-31.492100,,,Læbæltet,Læbæltet,,,,0.000000,0.000000,GrIS
GGN0218,68.674600,-33.076000,,,Kangerlussuaq Gletsjer,Kangerlussuaq Gletsjer,,,,0.000000,0.000000,GrIS
GGN0219,68.693400,-32.372800,,,Styrtegletsjer,Styrtegletsjer,,,,0.000000,0.000000,GrIS
GGN0220,68.700000,-30.616700,,,Christian IV Gletsjer,Christian IV Gletsjer,,,,0.000000,0.000000,GrIS
GGN0221,68.719400,-32.648700,,,Nordfjord Gletsjer,Nordfjord Gletsjer,,,,0.000000,0.000000,GrIS
GGN0222,68.724700,-28.654400,,,Kronborg Gletsjer,Kronborg Gletsjer,,RGI40-05.13667,G330976E68786N,-29.023600,68.786100,LGIC
GGN0223,68.749700,-28.127800,,,Borggraven,Borggraven,,RGI40-05.13536,G331157E69166N,-28.843400,69.165900,LGIC
GGN0224,68.785300,-30.183100,,,Korridoren,Korridoren,,,,0.000000,0.000000,GrIS
GGN0225,68.816700,-27.083300,,,Sortebræ,Sortebræ,,RGI40-05.13429,G332759E68980N,-27.241100,68.979500,LGIC
GGN0226,68.824900,-31.097900,,,Isfaldgletsjer,Isfaldgletsjer,,,,0.000000,0.000000,GrIS
GGN0227,68.866700,-50.283300,Saqqarliup Sermia,Sarqardliup Sermia,,Saqqarliup Sermia,,,,0.000000,0.000000,GrIS
GGN0228,68.866700,-26.100000,Apuseeq Anittangasikkaajuk,,Storbræ,Apuseeq Anittangasikkaajuk,Apuseer anittangasikkaaju,RGI40-05.13499,G333654E69030N,-26.346100,69.030400,LGIC
GGN0229,68.916700,-50.200000,Alanngorliup Sermia,Alángordliup Sermia,,Alanngorliup Sermia,,,,0.000000,0.000000,GrIS
GGN0230,68.946100,-31.599400,,,Øvre Frederiksborg Gletsjer,Øvre Frederiksborg Gletsjer,,,,0.000000,0.000000,GrIS
GGN0231,68.980900,-29.973600,,,Gino Gletsjer,Gino Gletsjer,,,,0.000000,0.000000,GrIS
GGN0232,69.066700,-29.300000,,,Kronborg Gletsjer,Kronborg Gletsjer,,RGI40-05.13667,G330976E68786N,-29.023600,68.786100,LGIC
GGN0233,69.100000,-30.583300,,,Lindbergh Gletsjer,Lindbergh Gletsjer,,,,0.000000,0.000000,GrIS
GGN0234,69.166700,-31.133300,,,Seward Gletsjer,Seward Gletsjer,,,,0.000000,0.000000,GrIS
GGN0235,69.183300,-49.800000,Sermeq Kujalleq,Sermeq Kujatdleq,Jakobshavn Isbræ,Sermeq Kujalleq,,,,0.000000,0.000000,GrIS
GGN0236,69.300000,-53.567200,,,Petersen Gletsjer,Petersen Gletsjer,,RGI40-05.00623,G306428E69317N,-53.571800,69.316600,LGIC
GGN0237,69.300000,-53.400500,,,Pjetursson Gletsjer,Pjetursson Gletsjer,,RGI40-05.00602,G306613E69293N,-53.386900,69.293000,LGIC
GGN0238,69.333300,-53.600500,,,Lyngmarksbræ,Lyngmarksbræ,,RGI40-05.00621,G306381E69333N,-53.619100,69.333100,LGIC
GGN0239,69.350000,-53.583900,,,Chamberlin Gletsjer,Chamberlin Gletsjer,,RGI40-05.00627,G306414E69352N,-53.586100,69.352400,LGIC
GGN0240,69.383300,-50.266700,Sermeq Avannarleq,Sermeq Avangnardleq,,Sermeq Avannarleq,,,,0.000000,0.000000,GrIS
GGN0241,69.400000,-31.000000,,,Gronau Gletsjer,Gronau Gletsjer,,,,0.000000,0.000000,GrIS
GGN0242,69.500000,-29.833300,,,Grønlands Styrelse Gletsjer,Grønlands Styrelse Gletsjer,,,,0.000000,0.000000,GrIS
GGN0243,69.550000,-53.000400,,,C.A. Nielsen Bræ,C.A. Nielsen Bræ,,RGI40-05.01335,G307040E69541N,-52.959900,69.540600,LGIC
GGN0244,69.600000,-25.500000,,,Dendritgletsjer,Dendritgletsjer,,RGI40-05.13575,G333975E69553N,-26.025300,69.553200,LGIC
GGN0245,69.614200,-52.918000,,,Steenstrup Gletsjer,Steenstrup Gletsjer,,RGI40-05.01358,G307148E69623N,-52.852000,69.622900,LGIC
GGN0246,69.656700,-24.129400,,,Bartholin Bræ,Bartholin Bræ,,RGI40-05.13717,G335358E69815N,-24.642100,69.814500,LGIC
GGN0247,69.693900,-52.947500,Sermersuaq,Sermerssuaq,Storbræen,Sermersuaq,,RGI40-05.01371,G306980E69700N,-53.020000,69.699800,LGIC
GGN0248,69.733300,-52.817000,,,Moltke Gletsjer,Moltke Gletsjer,,RGI40-05.01355,G307166E69739N,-52.833900,69.738600,LGIC
GGN0249,69.783600,-54.123900,Sermia,Sermia,,Sermia,,RGI40-05.01216,G305860E69779N,-54.140200,69.779300,LGIC
GGN0250,69.808000,-50.185100,Eqip Sermia,Eqip Sermia,,Eqip Sermia,,,,0.000000,0.000000,GrIS
GGN0251,69.816700,-53.333800,,,Snekalotten,Snekalotten,,RGI40-05.01445,G306658E69817N,-53.341700,69.816600,LGIC
GGN0252,69.856700,-23.562400,,,Steno Bræ,Steno Bræ,,RGI40-05.13505,G336006E69900N,-23.994400,69.900100,LGIC
GGN0253,69.900900,-50.342000,Kangilernata Sermia,Kangilernata Sermia,,Kangilernata Sermia,"Kangilerngata Sermia;Sermeq Av",,,0.000000,0.000000,GrIS
GGN0254,69.933300,-27.750000,,,Kista Dan Gletsjer,Kista Dan Gletsjer,,RGI40-05.13567,G331685E69750N,-28.315200,69.750000,LGIC
GGN0255,69.933300,-27.083300,,,Magga Dan Gletsjer,Magga Dan Gletsjer,,RGI40-05.13501,G332658E69567N,-27.341800,69.566500,LGIC
GGN0256,69.996000,-50.159600,Sermeq Kujalleq,Sermeq Kujatdleq,,Sermeq Kujalleq,Alianaatsup Sermia,,,0.000000,0.000000,GrIS
GGN0257,70.049600,-22.468300,,,Sfinxgletsjer,Sfinxgletsjer,,RGI40-05.13619,G337529E70042N,-22.471300,70.041800,LGIC
GGN0258,70.049700,-28.634300,,,Gåsegletsjer,Gåsegletsjer,,RGI40-05.14872,G330936E69934N,-29.063800,69.934100,LGIC
GGN0259,70.056700,-22.730300,Ilinnigajia,Ilivnikajia,Roma Gletsjer,Ilinnigajia,"Ilinnikajia; Ilinnigajja",RGI40-05.13616,G337269E70048N,-22.730800,70.047700,LGIC
GGN0260,70.065200,-26.268800,,,Sydbræ,Sydbræ,,RGI40-05.13722,G333752E70017N,-26.247700,70.016700,LGIC
GGN0261,70.066700,-23.333300,,,Torvgletsjer,Torvgletsjer,,RGI40-05.13568,G336622E69997N,-23.377800,69.996800,LGIC
GGN0262,70.078400,-22.924900,,,Milano Gletsjer,Milano Gletsjer,,RGI40-05.13497,G337049E70068N,-22.951100,70.067900,LGIC
GGN0263,70.082400,-22.431200,Kikkiagajik,,Kamelgletsjer,Kikkiagajik,Kikkiagai,RGI40-05.14995,G337618E70091N,-22.382300,70.091400,LGIC
GGN0264,70.083800,-23.570000,,,Østre Borggletsjer,Østre Borggletsjer,,RGI40-05.13565,G336337E70062N,-23.663400,70.062000,LGIC
GGN0265,70.085300,-50.246800,Sermeq Avannarleq,Sermeq Avangnardleq,,Sermeq Avannarleq,,,,0.000000,0.000000,GrIS
GGN0266,70.087500,-23.127400,Nakkaagajik Avatteq,Nákâkajik,,Nakkaagajik Avatteq,"Nakkaakajik; Nakkaagai; Nakkaagai avadder",RGI40-05.13628,G336904E70076N,-23.095600,70.076000,LGIC
GGN0267,70.099300,-23.839700,Nakkaagajik Timerseq,,Vestre Borggletsjer,Nakkaagajik Timerseq,Nakkaagai Dimerser,RGI40-05.13564,G335798E70038N,-24.201900,70.038400,LGIC
GGN0268,70.103100,-23.460400,,,Torvet,Torvet,,RGI40-05.13566,G336557E70090N,-23.443400,70.090300,LGIC
GGN0269,70.159700,-26.859700,,,Rævebræ,Rævebræ,,RGI40-05.13281,G333205E70140N,-26.795100,70.140100,LGIC
GGN0270,70.170900,-25.912600,,,Østbræ,Østbræ,,RGI40-05.13625,G334135E70167N,-25.864800,70.167200,LGIC
GGN0271,70.174700,-24.149300,,,Månegletsjer,Månegletsjer,,RGI40-05.13495,G335865E70129N,-24.135500,70.128900,LGIC
GGN0272,70.182300,-25.109100,,,Bredegletsjer,Bredegletsjer,,RGI40-05.13726,G334864E70010N,-25.136500,70.009600,LGIC
GGN0273,70.183300,-24.516700,,,Solgletsjer,Solgletsjer,,RGI40-05.13496,G335518E70165N,-24.482100,70.164800,LGIC
GGN0274,70.257800,-24.773000,,,Foldegletsjer,Foldegletsjer,,RGI40-05.13728,G335200E70232N,-24.800500,70.232100,LGIC
GGN0275,70.294200,-29.470300,,,Vestfjord Gletsjer,Vestfjord Gletsjer,,,,0.000000,0.000000,GrIS
GGN0276,70.296900,-25.043500,,,Helgegletsjer,Helgegletsjer,,RGI40-05.13464,G334981E70270N,-25.019200,70.269600,LGIC
GGN0277,70.347900,-51.355000,Sermikassak,Sermikavsak,,Sermikassak,,RGI40-05.02159,G308607E70361N,-51.392600,70.360500,LGIC
GGN0278,70.400000,-51.833300,Sermersuaq,Sermerssuaq,,Sermersuaq,,RGI40-05.02163,G308199E70378N,-51.800600,70.377800,LGIC
GGN0279,70.405400,-50.536400,Sermeq Kujalleq,Sermeq Kujatdleq,Store Gletsjer,Sermeq Kujalleq,,,,0.000000,0.000000,GrIS
GGN0280,70.412200,-51.566000,Ilusissup Sermia,Ilusigsup Sermia,,Ilusissup Sermia,,RGI40-05.02147,G308389E70400N,-51.610900,70.399700,LGIC
GGN0281,70.475400,-51.981600,Umiartorfiup Sermia,Umiartorfiup Sermia,,Umiartorfiup Sermia,,RGI40-05.02123,G307948E70447N,-52.051700,70.447100,LGIC
GGN0282,70.481000,-52.539700,Sermikassak,Sermikavsak,,Sermikassak,,RGI40-05.02126,G307537E70486N,-52.463300,70.486300,LGIC
GGN0283,70.483300,-29.283300,,,Døde Bræ,Døde Bræ,,,,0.000000,0.000000,GrIS
GGN0284,70.531600,-52.062700,Assakaat Sermiat,Agssakait Sermiat,,Assakaat Sermiat,,RGI40-05.02117,G307855E70484N,-52.145000,70.483900,LGIC
GGN0285,70.531900,-28.901900,,,Rolige Bræ,Rolige Bræ,,,,0.000000,0.000000,GrIS
GGN0286,70.541200,-29.336300,,,Langemanden,Langemanden,,RGI40-05.15186,G330611E70544N,-29.389200,70.543500,LGIC
GGN0287,70.545400,-50.489600,Sermeq Avannarleq,Sermeq Avangnardleq,Lille Gletsjer,Sermeq Avannarleq,,,,0.000000,0.000000,GrIS
GGN0288,70.622500,-53.402000,Aaffarsuup Sermia,Auvfarssûp Sermia,,Aaffarsuup Sermia,,RGI40-05.02281,G306592E70619N,-53.408500,70.619400,LGIC
GGN0289,70.625100,-52.817800,Sermersuaq,Sermerssuaq,,Sermersuaq,,RGI40-05.02318,G307216E70649N,-52.784300,70.648800,LGIC
GGN0290,70.633300,-50.616700,Sermilik,Sermilik,Sermilik Isbræ,Sermilik,,,,0.000000,0.000000,GrIS
GGN0291,70.639900,-22.100900,,,Grete Gletsjer,Grete Gletsjer,,RGI40-05.15821,G337976E70640N,-22.024000,70.639900,LGIC
GGN0292,70.674600,-53.207300,Qiterlikassaap Sermia,Qiterdlikavsaup Sermia,,Qiterlikassaap Sermia,,RGI40-05.02278,G306792E70668N,-53.207800,70.667700,LGIC
GGN0293,70.676800,-22.129900,,,Hans Gletsjer,Hans Gletsjer,,RGI40-05.15836,G337933E70679N,-22.067300,70.678900,LGIC
GGN0294,70.683300,-21.866700,Apusiikajik,Apusîkajik,Aage Nielsen Gletsjer,Apusiikajik,,RGI40-05.15834,G338097E70681N,-21.902800,70.681000,LGIC
GGN0295,70.718400,-50.652300,Kangilleq,Kangigdleq,,Kangilleq,,,,0.000000,0.000000,GrIS
GGN0296,70.735000,-21.960300,,,Bjerring Pedersen Gletsjer,Bjerring Pedersen Gletsjer,,RGI40-05.15827,G338040E70737N,-21.959800,70.736900,LGIC
GGN0297,70.747400,-50.644700,Sisoortartukassak,Sisôrtartukavsak,,Sisoortartukassak,,,,0.000000,0.000000,GrIS
GGN0298,70.802100,-26.241100,,,Korridoren,Korridoren,,RGI40-05.15467,G333613E70810N,-26.387200,70.809700,LGIC
GGN0299,70.826800,-50.762700,Sermeq Silarleq,Sermeq Silardleq,,Sermeq Silarleq,,,,0.000000,0.000000,GrIS
GGN0300,70.846300,-21.882700,,,Emmanuel Gletsjer,Emmanuel Gletsjer,,RGI40-05.16232,G338047E70864N,-21.952700,70.863900,LGIC
GGN0301,70.935900,-52.083600,Serminnguaq,Sermínguaq,,Serminnguaq,,RGI40-05.02345,G307956E70929N,-52.044200,70.929200,LGIC
GGN0302,70.954100,-51.576600,Sisuugajooq,Sisûgajôq,,Sisuugajooq,,RGI40-05.02359,G308485E70961N,-51.514600,70.961300,LGIC
GGN0303,70.990900,-50.922700,Perlerfiup Sermia,Perdlerfiup Sermia,,Perlerfiup Sermia,,,,0.000000,0.000000,GrIS
GGN0304,71.001500,-51.461300,Sermipalaaq,,,Sermipalaaq,,RGI40-05.02353,G308510E70986N,-51.490300,70.985700,LGIC
GGN0305,71.027500,-50.835400,Sermeq Avannarleq,Sermeq Avangnardleq,,Sermeq Avannarleq,Avannarleq,,,0.000000,0.000000,GrIS
GGN0306,71.034900,-51.700000,Sermikassak,Sermikavsak,,Sermikassak,,RGI40-05.02352,G308332E71004N,-51.668200,71.004000,LGIC
GGN0307,71.143500,-51.364800,Tassartooq,Tavsartôq,,Tassartooq,,RGI40-05.02422,G308609E71159N,-51.390900,71.158500,LGIC
GGN0308,71.150000,-51.166700,Qaamarujuup Sermia,Qaumarujûp Sermia,,Qaamarujuup Sermia,Qaamarujuup Sermikassaa,,,0.000000,0.000000,GrIS
GGN0309,71.166700,-28.083300,,,Eielson Gletsjer,Eielson Gletsjer,,,,0.000000,0.000000,GrIS
GGN0310,71.174500,-26.598000,,,Edward Bailey Gletsjer,Edward Bailey Gletsjer,,RGI40-05.16072,G333444E71216N,-26.556000,71.216400,LGIC
GGN0311,71.191100,-52.765400,Serminnguaq,Sermínguaq,,Serminnguaq,Sermikassak,RGI40-05.02495,G307266E71206N,-52.733700,71.205700,LGIC
GGN0312,71.236200,-51.624200,Umiatsiakassak,,,Umiatsiakassak,,RGI40-05.02417,G308407E71224N,-51.592600,71.223600,LGIC
GGN0313,71.249300,-51.470700,Kangerluarsuup Sermia,Kangerdluarssûp Sermia,,Kangerluarsuup Sermia,,,,0.000000,0.000000,GrIS
GGN0314,71.250000,-28.833300,,,Vindue Gletsjer,Vindue Gletsjer,,,,0.000000,0.000000,GrIS
GGN0315,71.257800,-52.013200,Aappaluttukassaap Kangiani Sermikassak,Augpalugtukavsaup Kangiane Sermikavsak,,Aappaluttukassaap Kangiani Sermikassak,,RGI40-05.02452,G307917E71273N,-52.083500,71.272800,LGIC
GGN0316,71.266700,-53.033300,Qunnertusup Sermia,Quvnertussup Sermia,,Qunnertusup Sermia,,RGI40-05.02489,G307163E71277N,-52.837000,71.276500,LGIC
GGN0317,71.283300,-27.533300,,,Syvsøstre Bræ,Syvsøstre Bræ,,RGI40-05.16097,G332579E71266N,-27.421500,71.266300,LGIC
GGN0318,71.313400,-53.094200,Sermeq Qiterleq,Sermeq Qiterdleq,,Sermeq Qiterleq,,RGI40-05.02486,G307016E71310N,-52.984200,71.310300,LGIC
GGN0319,71.329500,-53.095700,Qungulertusup Sermia,Qungulertussup Sermia,,Qungulertusup Sermia,,RGI40-05.02485,G307062E71341N,-52.938200,71.341100,LGIC
GGN0320,71.329800,-25.903800,Apusinigajik,Apusinikajik,,Apusinigajik,,RGI40-05.16061,G333795E71323N,-26.204900,71.323400,LGIC
GGN0321,71.347800,-51.829400,Sermikassak,Sermikavsak,,Sermikassak,,RGI40-05.02541,G308135E71360N,-51.865200,71.360100,LGIC
GGN0322,71.412900,-52.006700,Nunaarsussuup Oqquatungaani Sermikassak,,,Nunaarsussuup Oqquatungaani Sermikassak,,RGI40-05.02526,G308023E71368N,-51.976700,71.368100,LGIC
GGN0323,71.419300,-51.923800,Nunaarsussuup Kangiatungaani Sermikassak,,,Nunaarsussuup Kangiatungaani Sermikassak,,RGI40-05.02527,G308139E71396N,-51.861500,71.396100,LGIC
GGN0324,71.433300,-29.583300,,,Freuchen Gletsjer,Freuchen Gletsjer,,,,0.000000,0.000000,GrIS
GGN0325,71.435000,-51.419600,Sermip Kujataatungaani Sermikassak,,,Sermip Kujataatungaani Sermikassak,,RGI40-05.02547,G308526E71392N,-51.474300,71.391600,LGIC
GGN0326,71.458800,-51.310100,Kangerlussuup Sermia,,,Kangerlussuup Sermia,,,,0.000000,0.000000,GrIS
GGN0327,71.501500,-51.789200,Nakkala,,,Nakkala,,RGI40-05.02619,G308040E71507N,-51.960100,71.506800,LGIC
GGN0328,71.518700,-51.610100,Sermikassak,,,Sermikassak,,RGI40-05.02622,G308214E71544N,-51.786300,71.543800,LGIC
GGN0329,71.520700,-25.309500,,,Oxford Gletsjer,Oxford Gletsjer,,RGI40-05.17200,G334740E71586N,-25.260200,71.585900,LGIC
GGN0330,71.566300,-52.174400,Tinumanikassaata Sermia,,,Tinumanikassaata Sermia,,RGI40-05.02616,G307887E71521N,-52.112600,71.521100,LGIC
GGN0331,71.591400,-51.708400,Sermikassak,Sermikavsak,Johannes Bræ,Sermikassak,,,,0.000000,0.000000,GrIS
GGN0332,71.616900,-25.505900,,,Løberen,Løberen,,RGI40-05.17150,G334470E71600N,-25.530300,71.600300,LGIC
GGN0333,71.645400,-24.919900,,,Leo Gletsjer,Leo Gletsjer,,RGI40-05.17177,G335124E71666N,-24.876300,71.666400,LGIC
GGN0334,71.655700,-25.007900,,,Mercurius Gletsjer,Mercurius Gletsjer,,RGI40-05.17177,G335124E71666N,-24.876300,71.666400,LGIC
GGN0335,71.671700,-25.257900,,,Ursus Minor Gletsjer,Ursus Minor Gletsjer,,RGI40-05.17177,G335124E71666N,-24.876300,71.666400,LGIC
GGN0336,71.679400,-53.267400,Sermikassak,,,Sermikassak,,RGI40-05.02724,G306804E71662N,-53.195800,71.661600,LGIC
GGN0337,71.684600,-25.182500,,,Virgo Gletsjer,Virgo Gletsjer,,RGI40-05.17177,G335124E71666N,-24.876300,71.666400,LGIC
GGN0338,71.688700,-25.262900,,,Jupiter Gletsjer,Jupiter Gletsjer,,RGI40-05.17177,G335124E71666N,-24.876300,71.666400,LGIC
GGN0339,71.693900,-24.980500,,,Bjørnbo Gletsjer,Bjørnbo Gletsjer,,RGI40-05.17177,G335124E71666N,-24.876300,71.666400,LGIC
GGN0340,71.697500,-25.782900,,,Borgbjerg Gletsjer,Borgbjerg Gletsjer,,RGI40-05.17145,G334174E71767N,-25.825600,71.766800,LGIC
GGN0341,71.698300,-25.362100,,,Ursus Major Gletsjer,Ursus Major Gletsjer,,RGI40-05.17177,G335124E71666N,-24.876300,71.666400,LGIC
GGN0342,71.724100,-25.318400,,,Orion Gletsjer,Orion Gletsjer,,RGI40-05.17177,G335124E71666N,-24.876300,71.666400,LGIC
GGN0343,71.740500,-25.259900,,,Pegasus Gletsjer,Pegasus Gletsjer,,RGI40-05.17177,G335124E71666N,-24.876300,71.666400,LGIC
GGN0344,71.744200,-24.890100,,,Saturn Gletsjer,Saturn Gletsjer,,RGI40-05.17220,G335105E71744N,-24.894700,71.744400,LGIC
GGN0345,71.750000,-29.000000,,,Daugaard-Jensen Gletsjer,Daugaard-Jensen Gletsjer,,,,0.000000,0.000000,GrIS
GGN0346,71.754800,-25.004500,,,Mars Gletsjer,Mars Gletsjer,,RGI40-05.17177,G335124E71666N,-24.876300,71.666400,LGIC
GGN0347,71.772300,-51.495100,Kangilliup Sermia,Kangigdliup Sermia,Rink Isbræ,Kangilliup Sermia,,,,0.000000,0.000000,GrIS
GGN0348,71.806300,-52.357800,Umiammakku Sermiat,Umiámáko Sermiat,Umiammakku Isbræ,Umiammakku Sermiat,Umiammakku Sermia,,,0.000000,0.000000,GrIS
GGN0349,71.870500,-24.185500,,,Nedre Randgletsjer,Nedre Randgletsjer,,RGI40-05.17743,G335827E71868N,-24.173300,71.867700,LGIC
GGN0350,71.876300,-23.982900,,,Breithorn Gletsjer,Breithorn Gletsjer,,RGI40-05.17067,G335975E71859N,-24.025500,71.859200,LGIC
GGN0351,71.883300,-24.150000,,,Øvre Randgletsjer,Øvre Randgletsjer,,RGI40-05.17071,G335932E71895N,-24.067700,71.894800,LGIC
GGN0352,71.897100,-24.149000,,,Aldebaran Gletsjer,Aldebaran Gletsjer,,RGI40-05.17071,G335932E71895N,-24.067700,71.894800,LGIC
GGN0353,71.910100,-25.452700,,,Duart Gletsjer,Duart Gletsjer,,RGI40-05.17192,G334487E71915N,-25.513400,71.914500,LGIC
GGN0354,71.911600,-23.799700,,,Søndergletsjer,Søndergletsjer,,RGI40-05.17065,G336181E71913N,-23.819500,71.912900,LGIC
GGN0355,71.915900,-24.646900,,,Storgletsjer,Storgletsjer,,RGI40-05.17160,G335162E71964N,-24.838400,71.964000,LGIC
GGN0356,71.921100,-26.372300,,,Sydgletsjer,Sydgletsjer,,RGI40-05.17186,G333680E71859N,-26.320100,71.859300,LGIC
GGN0357,71.921700,-23.913100,,,Hvidefirn,Hvidefirn,,RGI40-05.17163,G335939E71927N,-24.061300,71.927400,LGIC
GGN0358,71.932000,-25.523200,,,Spærregletsjer,Spærregletsjer,,RGI40-05.17192,G334487E71915N,-25.513400,71.914500,LGIC
GGN0359,71.933700,-24.065300,,,Sirius Gletsjer,Sirius Gletsjer,,RGI40-05.17163,G335939E71927N,-24.061300,71.927400,LGIC
GGN0360,71.941600,-23.782600,,,Cirkusgletsjer,Cirkusgletsjer,,RGI40-05.17062,G336219E71937N,-23.781100,71.936700,LGIC
GGN0361,71.945000,-25.843800,,,Prinsessegletsjer,Prinsessegletsjer,,RGI40-05.17084,G334134E71899N,-25.866400,71.898700,LGIC
GGN0362,71.946600,-25.436600,,,Parker Piece,Parker Piece,,RGI40-05.17192,G334487E71915N,-25.513400,71.914500,LGIC
GGN0363,71.950000,-24.300000,,,Schuchert Gletsjer,Schuchert Gletsjer,,RGI40-05.17199,G335513E72006N,-24.487200,72.006300,LGIC
GGN0364,71.951200,-26.647300,,,Toscano Gletsjer,Toscano Gletsjer,,RGI40-05.17126,G333324E71890N,-26.676100,71.889600,LGIC
GGN0365,71.963500,-24.234400,,,Arcturus Gletsjer,Arcturus Gletsjer,,RGI40-05.17199,G335513E72006N,-24.487200,72.006300,LGIC
GGN0366,71.964300,-23.755800,,,Termier Gletsjer,Termier Gletsjer,,RGI40-05.17782,G336238E71962N,-23.762100,71.962300,LGIC
GGN0367,71.965100,-24.182300,,,Bredefirn,Bredefirn,,RGI40-05.17199,G335513E72006N,-24.487200,72.006300,LGIC
GGN0368,71.966700,-51.166700,Kangerlussuup Sermersua,Kangerdlugssûp Sermerssua,,Kangerlussuup Sermersua,,,,0.000000,0.000000,GrIS
GGN0369,71.976500,-25.146200,,,Canta Bræ,Canta Bræ,,RGI40-05.17118,G334533E72097N,-25.466637,72.096649,LGIC
GGN0370,71.980700,-24.157300,,,Langefirn,Langefirn,,RGI40-05.17199,G335513E72006N,-24.487200,72.006300,LGIC
GGN0371,71.984700,-23.778600,,,Nedre Antarctic Gletsjer,Nedre Antarctic Gletsjer,,RGI40-05.17175,G336173E71978N,-23.826900,71.977700,LGIC
GGN0372,71.984900,-23.851600,,,Nedre Studer Gletsjer,Nedre Studer Gletsjer,,RGI40-05.17175,G336173E71978N,-23.826900,71.977700,LGIC
GGN0373,71.985700,-24.122500,,,Mellemgletsjer,Mellemgletsjer,,RGI40-05.17165,G335855E71993N,-24.144900,71.993300,LGIC
GGN0374,71.990600,-24.038900,,,Kargletsjer,Kargletsjer,,RGI40-05.17049,G336036E71975N,-23.964400,71.975300,LGIC
GGN0375,71.992000,-24.818100,,,Storgletsjer,Storgletsjer,,RGI40-05.17160,G335162E71964N,-24.838400,71.964000,LGIC
GGN0376,71.992200,-23.922600,,,Trestrømmen,Trestrømmen,,RGI40-05.17049,G336036E71975N,-23.964400,71.975300,LGIC
GGN0377,72.003400,-55.324200,Sermersuaq,Sermerssuaq,,Sermersuaq,,RGI40-05.03148,G304671E72005N,-55.328600,72.004600,LGIC
GGN0378,72.006600,-23.828400,,,Nedre Studer Gletsjer,Nedre Studer Gletsjer,,RGI40-05.17056,G336149E72004N,-23.850800,72.003700,LGIC
GGN0379,72.011500,-25.621500,,,Spærregletsjer,Spærregletsjer,,RGI40-05.17192,G334487E71915N,-25.513400,71.914500,LGIC
GGN0380,72.016700,-27.966700,,,Universitetets Gletsjer,Universitetets Gletsjer,,RGI40-05.16816,G331883E72130N,-28.117300,72.129500,LGIC
GGN0381,72.016700,-25.433300,,,Krabbegletsjer,Krabbegletsjer,,RGI40-05.17070,G334634E71988N,-25.366100,71.987500,LGIC
GGN0382,72.016700,-24.133300,,,Vestre Gletsjer,Vestre Gletsjer,,RGI40-05.17168,G335805E72027N,-24.194800,72.026900,LGIC
GGN0383,72.017500,-24.080900,,,Mellemgletsjer,Mellemgletsjer,,RGI40-05.17165,G335855E71993N,-24.144900,71.993300,LGIC
GGN0384,72.019400,-23.835900,,,Øvre Studer Gletsjer,Øvre Studer Gletsjer,,RGI40-05.17794,G336153E72017N,-23.846900,72.017300,LGIC
GGN0385,72.026600,-23.936000,,,Sukces Gletsjer,Sukces Gletsjer,,RGI40-05.17796,G336084E72025N,-23.916500,72.025400,LGIC
GGN0386,72.029300,-24.003800,,,Østre Gletsjer,Østre Gletsjer,,RGI40-05.17049,G336036E71975N,-23.964400,71.975300,LGIC
GGN0387,72.033300,-25.283300,,,Tioram Gletsjer,Tioram Gletsjer,,RGI40-05.17118,G334533E72097N,-25.466637,72.096649,LGIC
GGN0388,72.034500,-23.912400,,,Retrætegletsjer,Retrætegletsjer,,RGI40-05.17808,G336131E72040N,-23.869500,72.039700,LGIC
GGN0389,72.036000,-54.876600,Qatsinneq,Qatsingneq,,Qatsinneq,,RGI40-05.03185,G305094E72041N,-54.906300,72.040700,LGIC
GGN0390,72.037300,-52.605400,Salliarutsip Sermia,Sagdliarutsip Sermia,Inngia Isbræ,Salliarutsip Sermia,,,,0.000000,0.000000,GrIS
GGN0391,72.050000,-25.766700,,,Smallegletsjer,Smallegletsjer,,RGI40-05.17019,G334126E72089N,-25.873600,72.089400,LGIC
GGN0392,72.053000,-25.231900,,,Sefström Gletsjer,Sefström Gletsjer,,RGI40-05.17118,G334533E72097N,-25.466637,72.096649,LGIC
GGN0393,72.066900,-26.004800,,,Scioragletsjer,Scioragletsjer,,RGI40-05.17035,G334006E72088N,-25.993900,72.087500,LGIC
GGN0394,72.083300,-28.233300,,,F. Graae Gletsjer,F. Graae Gletsjer,,RGI40-05.16814,G331780E72051N,-28.220400,72.050500,LGIC
GGN0395,72.083300,-24.716700,,,Glamis Gletsjer,Glamis Gletsjer,,RGI40-05.17171,G335293E72137N,-24.706900,72.136900,LGIC
GGN0396,72.083300,-24.500000,,,Kismul Gletsjer,Kismul Gletsjer,,RGI40-05.17057,G335563E72066N,-24.436900,72.065900,LGIC
GGN0397,72.083300,-24.383300,,,Skelbræ,Skelbræ,,RGI40-05.17057,G335563E72066N,-24.436900,72.065900,LGIC
GGN0398,72.095200,-25.242600,,,Gullygletsjer,Gullygletsjer,,RGI40-05.17118,G334533E72097N,-25.466637,72.096649,LGIC
GGN0399,72.096200,-25.172700,,,Cavendish Gletsjer,Cavendish Gletsjer,,RGI40-05.17118,G334533E72097N,-25.466637,72.096649,LGIC
GGN0400,72.107400,-26.199300,,,Langkløftgletsjer,Langkløftgletsjer,,RGI40-05.17036,G333890E72125N,-26.110000,72.124700,LGIC
GGN0401,72.116700,-24.583300,,,Beaumaris Gletsjer,Beaumaris Gletsjer,,RGI40-05.17171,G335293E72137N,-24.706900,72.136900,LGIC
GGN0402,72.133300,-25.650000,,,Trekantgletsjer,Trekantgletsjer,,RGI40-05.17284,G334342E72139N,-25.658300,72.139400,LGIC
GGN0403,72.133300,-24.583300,,,Bersærkerbræ,Bersærkerbræ,,RGI40-05.17171,G335293E72137N,-24.706900,72.136900,LGIC
GGN0404,72.134300,-27.615800,,,Jomfru Gletsjer,Jomfru Gletsjer,,RGI40-05.16807,G332216E72175N,-27.784500,72.174700,LGIC
GGN0405,72.136400,-53.837200,Sermikassak,Sermikavsak,,Sermikassak,,RGI40-05.03166,G306140E72118N,-53.860500,72.118300,LGIC
GGN0406,72.166700,-25.766700,,,Sydvestgletsjer,Sydvestgletsjer,,RGI40-05.17047,G334184E72124N,-25.816500,72.123600,LGIC
GGN0407,72.166700,-22.566700,,,Tårngletsjer,Tårngletsjer,,RGI40-05.18669,G337470E72164N,-22.530300,72.164000,LGIC
GGN0408,72.166700,-22.350000,,,Årringgletsjer,Årringgletsjer,,RGI40-05.18674,G337664E72169N,-22.336500,72.168800,LGIC
GGN0409,72.183300,-24.666700,,,Harlech Gletsjer,Harlech Gletsjer,,RGI40-05.17171,G335293E72137N,-24.706900,72.136900,LGIC
GGN0410,72.185000,-25.298400,,,Vikingebræ,Vikingebræ,,RGI40-05.17117,G334930E72170N,-25.069800,72.169600,LGIC
GGN0411,72.192200,-22.437400,,,Rundgletsjer,Rundgletsjer,,RGI40-05.18677,G337565E72191N,-22.434800,72.191200,LGIC
GGN0412,72.192900,-25.922800,,,Sandgletsjer,Sandgletsjer,,RGI40-05.17042,G334024E72192N,-25.976400,72.192000,LGIC
GGN0413,72.200000,-25.066700,,,Frihedsgletsjer,Frihedsgletsjer,,RGI40-05.17117,G334930E72170N,-25.069800,72.169600,LGIC
GGN0414,72.200000,-24.566700,,,Tårnfjeld Gletsjer,Tårnfjeld Gletsjer,,RGI40-05.17170,G335397E72218N,-24.602700,72.218300,LGIC
GGN0415,72.250000,-25.250000,,,Fangsthyttegletsjer,Fangsthyttegletsjer,,RGI40-05.17344,G334791E72234N,-25.208600,72.233600,LGIC
GGN0416,72.257200,-24.491100,,,Flødegletsjer,Flødegletsjer,,RGI40-05.17174,G335436E72251N,-24.563900,72.251100,LGIC
GGN0417,72.257600,-22.680400,,,Sjapgletsjer,Sjapgletsjer,,RGI40-05.18682,G337333E72263N,-22.666600,72.263300,LGIC
GGN0418,72.270600,-22.634200,,,Bamsegletsjer,Bamsegletsjer,,RGI40-05.18682,G337333E72263N,-22.666600,72.263300,LGIC
GGN0419,72.272200,-22.510100,,,Buegletsjer,Buegletsjer,,RGI40-05.18689,G337493E72270N,-22.506800,72.270100,LGIC
GGN0420,72.283300,-24.583300,,,Pianofirn,Pianofirn,,RGI40-05.17116,G335410E72273N,-24.590200,72.273000,LGIC
GGN0421,72.283300,-24.716700,,,Skjoldungebræ,Skjoldungebræ,,RGI40-05.17053,G335329E72221N,-24.670800,72.220600,LGIC
GGN0422,72.283300,-22.800000,,,Forkgletsjer,Forkgletsjer,,RGI40-05.18729,G337266E72308N,-22.734200,72.308200,LGIC
GGN0423,72.283400,-26.756300,,,Violingletsjer,Violingletsjer,,,,0.000000,0.000000,GrIS
GGN0424,72.299000,-26.306200,,,Kæmpegletsjer,Kæmpegletsjer,,RGI40-05.17052,G333735E72257N,-26.265100,72.256900,LGIC
GGN0425,72.300000,-25.133300,,,Sedgwick Gletsjer,Sedgwick Gletsjer,,RGI40-05.17055,G334902E72279N,-25.098400,72.278600,LGIC
GGN0426,72.300000,-22.900000,,,Banangletsjer,Banangletsjer,,RGI40-05.17918,G337093E72295N,-22.906600,72.294900,LGIC
GGN0427,72.304900,-22.508800,,,Gaffelgletsjer,Gaffelgletsjer,,RGI40-05.18737,G337442E72291N,-22.557900,72.290800,LGIC
GGN0428,72.306900,-26.184300,,,Snedrivegletsjer,Snedrivegletsjer,,RGI40-05.17052,G333735E72257N,-26.265100,72.256900,LGIC
GGN0429,72.316100,-22.572500,,,Brumse Gletsjer,Brumse Gletsjer,,RGI40-05.18733,G337398E72309N,-22.602500,72.309400,LGIC
GGN0430,72.316700,-24.466700,,,Krypt Gletsjer,Krypt Gletsjer,,RGI40-05.17877,G335526E72314N,-24.473700,72.314300,LGIC
GGN0431,72.316700,-22.766700,,,Barrikadegletsjer,Barrikadegletsjer,,RGI40-05.18729,G337266E72308N,-22.734200,72.308200,LGIC
GGN0432,72.317600,-24.939500,,,Linne' Gletsjer,Linne' Gletsjer,,RGI40-05.17198,G335076E72236N,-24.924100,72.235800,LGIC
GGN0433,72.333300,-24.566700,,,Sorteelv Gletsjer,Sorteelv Gletsjer,,RGI40-05.17116,G335410E72273N,-24.590200,72.273000,LGIC
GGN0434,72.333900,-22.618600,,,Langgletsjer,Langgletsjer,,RGI40-05.17947,G337377E72333N,-22.622700,72.333400,LGIC
GGN0435,72.335500,-22.713500,,,Bredgletsjer,Bredgletsjer,,RGI40-05.18729,G337266E72308N,-22.734200,72.308200,LGIC
GGN0436,72.450000,-22.100000,,,Haregletsjer,Haregletsjer,,RGI40-05.18074,G337944E72442N,-22.056400,72.442000,LGIC
GGN0437,72.452900,-22.068900,,,Ødegletsjer,Ødegletsjer,,RGI40-05.18074,G337944E72442N,-22.056400,72.442000,LGIC
GGN0438,72.466700,-22.150000,,,Månegletsjer,Månegletsjer,,RGI40-05.18079,G337863E72462N,-22.137100,72.462300,LGIC
GGN0439,72.481500,-22.165200,,,Polypen Gletsjer,Polypen Gletsjer,,RGI40-05.18077,G337815E72469N,-22.185100,72.469400,LGIC
GGN0440,72.483900,-22.066000,,,Fladegletsjer,Fladegletsjer,,RGI40-05.18094,G337950E72482N,-22.050500,72.482300,LGIC
GGN0441,72.508800,-27.054400,,,Wahlenberg Gletsjer,Wahlenberg Gletsjer,,,,0.000000,0.000000,GrIS
GGN0442,72.531000,-26.486700,,,Vestre Tvillinggletsjer,Vestre Tvillinggletsjer,,RGI40-05.18778,G333561E72500N,-26.439300,72.499500,LGIC
GGN0443,72.546000,-26.411500,,,Østre Tvillinggletsjer,Østre Tvillinggletsjer,,RGI40-05.18774,G333737E72517N,-26.262600,72.516900,LGIC
GGN0444,72.549700,-22.477700,,,Skjoldgletsjer,Skjoldgletsjer,,RGI40-05.18116,G337504E72558N,-22.496200,72.557900,LGIC
GGN0445,72.639000,-27.895800,,,Concordia Plads,Concordia Plads,,,,0.000000,0.000000,GrIS
GGN0446,72.700000,-25.933300,,,Argand Gletsjer,Argand Gletsjer,,RGI40-05.18821,G334024E72591N,-25.976100,72.590500,LGIC
GGN0447,72.764000,-28.600800,,,Verenagletsjer,Verenagletsjer,,,,0.000000,0.000000,GrIS
GGN0448,72.766700,-25.300000,,,Narhvalgletsjer,Narhvalgletsjer,,RGI40-05.18033,G334688E72737N,-25.311800,72.737200,LGIC
GGN0449,72.766800,-27.384300,,,Langenthaler Gletsjer,Langenthaler Gletsjer,,RGI40-05.17999,G332603E72742N,-27.397300,72.742200,LGIC
GGN0450,72.776000,-27.723100,,,Hisinger Gletsjer,Hisinger Gletsjer,,,,0.000000,0.000000,GrIS
GGN0451,72.816700,-28.383300,,,Passagegletsjer,Passagegletsjer,,RGI40-05.18967,G331606E72823N,-28.394400,72.823400,LGIC
GGN0452,72.840900,-54.283700,Sermeq,Sermeq,Upernavik Isstrøm,Sermeq,,,,0.000000,0.000000,GrIS
GGN0453,72.906600,-26.964500,,,Fulach Gletsjer,Fulach Gletsjer,,RGI40-05.19162,G332905E72930N,-27.094700,72.929900,LGIC
GGN0454,72.910700,-26.126800,,,Østre Spærregletsjer,Østre Spærregletsjer,,RGI40-05.18917,G333869E72887N,-26.131400,72.887300,LGIC
GGN0455,72.918200,-26.270100,,,Vestre Spærregletsjer,Vestre Spærregletsjer,,RGI40-05.18903,G333661E72888N,-26.338600,72.887600,LGIC
GGN0456,72.967400,-27.970600,,,Charpentier Gletsjer,Charpentier Gletsjer,,RGI40-05.18950,G331989E72965N,-28.010700,72.965400,LGIC
GGN0457,73.000000,-28.166700,,,Nedre Rypegletsjer,Nedre Rypegletsjer,,,,0.000000,0.000000,GrIS
GGN0458,73.016700,-28.166700,,,Rypegletsjer,Rypegletsjer,,,,0.000000,0.000000,GrIS
GGN0459,73.016700,-28.033300,,,Øvre Rypegletsjer,Øvre Rypegletsjer,,,,0.000000,0.000000,GrIS
GGN0460,73.033300,-27.916700,,,Mercanton Gletsjer,Mercanton Gletsjer,,RGI40-05.18977,G332133E73047N,-27.867300,73.046900,LGIC
GGN0461,73.046100,-54.875600,Akullikassaap Sermia,,,Akullikassaap Sermia,,,,0.000000,0.000000,GrIS
GGN0462,73.050000,-28.350000,,,Disa Gletsjer,Disa Gletsjer,,,,0.000000,0.000000,GrIS
GGN0463,73.066700,-27.600000,,,Riddergletsjer,Riddergletsjer,,RGI40-05.18939,G332353E73059N,-27.646700,73.059200,LGIC
GGN0464,73.075900,-26.680400,,,Borggletsjer,Borggletsjer,,RGI40-05.19134,G333282E73036N,-26.718500,73.035600,LGIC
GGN0465,73.077300,-26.776200,,,Stejlegletsjer,Stejlegletsjer,,RGI40-05.19141,G333185E73051N,-26.815500,73.051300,LGIC
GGN0466,73.085900,-26.583600,,,Ispassagen,Ispassagen,,RGI40-05.19143,G333446E73048N,-26.553800,73.048200,LGIC
GGN0467,73.116700,-26.083300,,,Sonklargletsjer,Sonklargletsjer,,RGI40-05.19132,G333831E73107N,-26.169200,73.107200,LGIC
GGN0468,73.130900,-26.461400,,,Payer Gletsjer,Payer Gletsjer,,RGI40-05.19105,G333615E73092N,-26.384800,73.092200,LGIC
GGN0469,73.133300,-28.233300,,,Nathorst Gletsjer,Nathorst Gletsjer,,RGI40-05.18871,G331568E73118N,-28.431700,73.117500,LGIC
GGN0470,73.133300,-27.883300,,,Nordenskiöld Gletsjer,Nordenskiöld Gletsjer,,,,0.000000,0.000000,GrIS
GGN0471,73.166700,-28.333300,,,Gregory Gletsjer,Gregory Gletsjer,,RGI40-05.20117,G331649E73194N,-28.351200,73.193600,LGIC
GGN0472,73.166700,-28.450000,,,Spaltegletsjer,Spaltegletsjer,,RGI40-05.18871,G331568E73118N,-28.431700,73.117500,LGIC
GGN0473,73.166700,-26.416700,,,Kehlhofer Gletsjer,Kehlhofer Gletsjer,,RGI40-05.19180,G333658E73148N,-26.342300,73.147900,LGIC
GGN0474,73.166700,-55.050000,Alanngorsuup Sermia,Alángorssûp Sermia,,Alanngorsuup Sermia,,,,0.000000,0.000000,GrIS
GGN0475,73.183300,-27.833300,,,Portgletsjer,Portgletsjer,,RGI40-05.19017,G332108E73178N,-27.891600,73.178400,LGIC
GGN0476,73.201400,-28.014100,,,Lavinegletsjer,Lavinegletsjer,,RGI40-05.19003,G331986E73195N,-28.014300,73.195200,LGIC
GGN0477,73.207100,-28.062800,,,Stenløsgletsjer,Stenløsgletsjer,,RGI40-05.19000,G331942E73192N,-28.058000,73.192400,LGIC
GGN0478,73.230400,-27.723600,,,Lystergletsjer,Lystergletsjer,,RGI40-05.19251,G332276E73272N,-27.723800,73.271600,LGIC
GGN0479,73.250000,-28.833300,,,Victor Madsen Gletsjer,Victor Madsen Gletsjer,,,,0.000000,0.000000,GrIS
GGN0480,73.250000,-28.016700,,,Lejrgletsjer,Lejrgletsjer,,RGI40-05.19253,G332000E73248N,-27.999700,73.248100,LGIC
GGN0481,73.250000,-55.083300,Naajarsuit Sermiat,,,Naajarsuit Sermiat,Nunatakassaap Sermia,,,0.000000,0.000000,GrIS
GGN0482,73.350000,-26.166700,,,Gauli Gletsjer,Gauli Gletsjer,,RGI40-05.19489,G333810E73373N,-26.189700,73.373400,LGIC
GGN0483,73.416700,-25.916700,,,Luciagletsjer,Luciagletsjer,,RGI40-05.19473,G333903E73407N,-26.097300,73.407300,LGIC
GGN0484,73.433300,-27.866700,,,Jættegletsjer,Jættegletsjer,,,,0.000000,0.000000,GrIS
GGN0485,73.466700,-25.750000,,,Blåbærgletsjer,Blåbærgletsjer,,RGI40-05.19451,G334100E73475N,-25.899900,73.474800,LGIC
GGN0486,73.478400,-55.303500,Kakiffaat Sermiat,Kakivfait Sermiat,,Kakiffaat Sermiat,,,,0.000000,0.000000,GrIS
GGN0487,73.535900,-27.398700,,,Louise Gletsjer,Louise Gletsjer,,RGI40-05.19083,G332484E73565N,-27.516000,73.564800,LGIC
GGN0488,73.550000,-29.000000,,,Hamberg Gletsjer,Hamberg Gletsjer,,,,0.000000,0.000000,GrIS
GGN0489,73.566700,-55.216700,,,Giesecke Bræer,Giesecke Bræer,,,,0.000000,0.000000,GrIS
GGN0490,73.593200,-55.530600,Qeqertarsuup Sermia,Qeqertarssûp Sermia,,Qeqertarsuup Sermia,,,,0.000000,0.000000,GrIS
GGN0491,73.617900,-25.884900,,,Fangergletsjer,Fangergletsjer,,RGI40-05.19632,G334011E73670N,-25.989000,73.670300,LGIC
GGN0492,73.666700,-29.250000,,,Ever Gletsjer,Ever Gletsjer,,,,0.000000,0.000000,GrIS
GGN0493,73.671600,-25.325700,,,Spaltegletsjer,Spaltegletsjer,,RGI40-05.19554,G334479E73647N,-25.520700,73.646600,LGIC
GGN0494,73.683300,-27.633300,,,Gerard de Geer Gletsjer,Gerard de Geer Gletsjer,,,,0.000000,0.000000,GrIS
GGN0495,73.703700,-25.395800,,,Endeløs,Endeløs,,RGI40-05.19556,G334259E73703N,-25.741200,73.702700,LGIC
GGN0496,73.783300,-26.216700,,,Knibtangen,Knibtangen,,RGI40-05.19552,G333812E73731N,-26.187600,73.730700,LGIC
GGN0497,73.783300,-25.966700,,,Forhindringsgletsjer,Forhindringsgletsjer,,RGI40-05.19647,G333995E73766N,-26.005300,73.766000,LGIC
GGN0498,73.831700,-55.582500,Sermeq Kujalleq,,,Sermeq Kujalleq,,,,0.000000,0.000000,GrIS
GGN0499,73.856800,-25.671300,,,Dukkegletsjer,Dukkegletsjer,,RGI40-05.19700,G334202E73856N,-25.797900,73.856400,LGIC
GGN0500,73.900000,-55.550000,,,Ussing Bræer,Ussing Bræer,,,,0.000000,0.000000,GrIS
GGN0501,73.911300,-25.030600,,,Søgletscher,Søgletscher,,RGI40-05.19781,G335048E73943N,-24.952100,73.943400,LGIC
GGN0502,73.916700,-24.416700,,,Waltershausen Gletsjer,Waltershausen Gletsjer,,,,0.000000,0.000000,GrIS
GGN0503,73.941000,-55.767900,Sermeq Avanarleq,,,Sermeq Avanarleq,,,,0.000000,0.000000,GrIS
GGN0504,73.950000,-25.933300,,,Nunatakgletsjer,Nunatakgletsjer,,,,0.000000,0.000000,GrIS
GGN0505,73.983300,-28.650000,,,Skråbræ,Skråbræ,,,,0.000000,0.000000,GrIS
GGN0506,73.983300,-28.016700,,,Hindringsgletsjer,Hindringsgletsjer,,,,0.000000,0.000000,GrIS
GGN0507,73.986100,-22.629200,,,Fellenberg Gletsjer,Fellenberg Gletsjer,,RGI40-05.19877,G337447E74002N,-22.553000,74.001900,LGIC
GGN0508,74.033300,-26.750000,,,Adolf Hoel Gletsjer,Adolf Hoel Gletsjer,,,,0.000000,0.000000,GrIS
GGN0509,74.033300,-22.416700,,,A. Schmidt Gletsjer,A. Schmidt Gletsjer,,RGI40-05.19869,G337558E74027N,-22.442100,74.027100,LGIC
GGN0510,74.037600,-22.697200,,,Rungstedgletsjer,Rungstedgletsjer,,RGI40-05.19877,G337447E74002N,-22.553000,74.001900,LGIC
GGN0511,74.042500,-22.548800,,,Haussmann Gletsjer,Haussmann Gletsjer,,RGI40-05.19866,G337404E74038N,-22.595800,74.038400,LGIC
GGN0512,74.049200,-22.487300,,,Nippoldt Gletsjer,Nippoldt Gletsjer,,RGI40-05.19875,G337497E74033N,-22.503300,74.032500,LGIC
GGN0513,74.066700,-25.633300,,,Dødehundebræ,Dødehundebræ,,,,0.000000,0.000000,GrIS
GGN0514,74.116700,-27.000000,,,Eyvind Fjeld Gletsjer,Eyvind Fjeld Gletsjer,,,,0.000000,0.000000,GrIS
GGN0515,74.183100,-56.751300,Sermikassak,Sermikavsak,,Sermikassak,Sermilikassak,RGI40-05.07403,G303259E74170N,-56.741200,74.169600,LGIC
GGN0516,74.183300,-21.150000,,,Taggletsjer,Taggletsjer,,RGI40-05.19936,G338832E74181N,-21.168500,74.181400,LGIC
GGN0517,74.227500,-23.411300,,,Irisgletsjer,Irisgletsjer,,,,0.000000,0.000000,GrIS
GGN0518,74.230700,-55.827500,Ikissuup Sermersua,Ikigssûp Sermerssua,Cornell Gletsjer,Ikissuup Sermersua,,,,0.000000,0.000000,GrIS
GGN0519,74.233300,-23.916700,,,Vibeke Gletsjer,Vibeke Gletsjer,,,,0.000000,0.000000,GrIS
GGN0520,74.250000,-23.000000,,,Wordie Gletsjer,Wordie Gletsjer,,,,0.000000,0.000000,GrIS
GGN0521,74.266700,-20.916700,,,Skillegletsjer,Skillegletsjer,,RGI40-05.20002,G338999E74270N,-21.000900,74.270000,LGIC
GGN0522,74.350000,-25.550000,,,Korsgletsjer,Korsgletsjer,,,,0.000000,0.000000,GrIS
GGN0523,74.350000,-22.916700,,,Grantagletsjer,Grantagletsjer,,,,0.000000,0.000000,GrIS
GGN0524,74.366700,-20.900000,,,Misteltengletsjer,Misteltengletsjer,,RGI40-05.20026,G339105E74378N,-20.895400,74.377600,LGIC
GGN0525,74.370000,-21.021900,,,Hødgletsjer,Hødgletsjer,,RGI40-05.19973,G338940E74365N,-21.059900,74.364800,LGIC
GGN0526,74.383300,-20.816700,,,Frejagletsjer,Frejagletsjer,,RGI40-05.20030,G339171E74378N,-20.828800,74.377800,LGIC
GGN0527,74.400000,-24.216700,,,Vestre Vibeke Gletsjer,Vestre Vibeke Gletsjer,,,,0.000000,0.000000,GrIS
GGN0528,74.400700,-21.076800,,,Balmunggletsjer,Balmunggletsjer,,RGI40-05.19999,G338904E74401N,-21.096300,74.400600,LGIC
GGN0529,74.416700,-55.966600,Illullip Sermia,Igdlugdlip Sermia,,Illullip Sermia,,,,0.000000,0.000000,GrIS
GGN0530,74.600000,-22.266700,,,Copeland Gletsjer,Copeland Gletsjer,,RGI40-05.20038,G337563E74561N,-22.437300,74.561000,LGIC
GGN0531,74.623200,-56.219300,Nunatakassaap Sermia,Nunatakavsaup Sermia,,Nunatakassaap Sermia,,,,0.000000,0.000000,GrIS
GGN0532,74.633300,-22.266700,,,Kløftgletsjer,Kløftgletsjer,,RGI40-05.20042,G337651E74611N,-22.348900,74.611100,LGIC
GGN0533,74.666700,-22.100000,,,Stejlgletsjer,Stejlgletsjer,,RGI40-05.20097,G337922E74678N,-22.078000,74.677900,LGIC
GGN0534,74.683300,-22.583300,,,Pasterze,Pasterze,,,,0.000000,0.000000,GrIS
GGN0535,74.700000,-22.466700,,,Grifgletsjer,Grifgletsjer,,,,0.000000,0.000000,GrIS
GGN0536,74.700000,-21.800000,,,Trinity Gletsjer,Trinity Gletsjer,,RGI40-05.20092,G338195E74672N,-21.805500,74.671900,LGIC
GGN0537,74.716700,-22.000000,,,Barriere Gletsjer,Barriere Gletsjer,,RGI40-05.20096,G338005E74703N,-21.994800,74.702700,LGIC
GGN0538,74.866700,-22.500000,,,Tvegegletsjer,Tvegegletsjer,,,,0.000000,0.000000,GrIS
GGN0539,74.961800,-57.035500,Tuttulikassaap Sermia,,Hayes Gletsjer,Tuttulikassaap Sermia,,,,0.000000,0.000000,GrIS
GGN0540,75.099600,-57.572300,,,Kjer Gletsjer,Kjer Gletsjer,,,,0.000000,0.000000,GrIS
GGN0541,75.159600,-22.826700,,,Heinkel Gletsjer,Heinkel Gletsjer,,,,0.000000,0.000000,GrIS
GGN0542,75.316700,-57.833300,Sermersuaq,Sermerssuaq,Steenstrup Gletsjer,Sermersuaq,,,,0.000000,0.000000,GrIS
GGN0543,75.453100,-22.726600,,,Canongletsjer,Canongletsjer,,,,0.000000,0.000000,GrIS
GGN0544,75.458200,-58.063700,,,Dietrichson Gletsjer,Dietrichson Gletsjer,,,,0.000000,0.000000,GrIS
GGN0545,75.564000,-22.629500,,,Stejlgletsjer,Stejlgletsjer,,,,0.000000,0.000000,GrIS
GGN0546,75.619500,-57.970400,,,Sverdrup Gletsjer,Sverdrup Gletsjer,,,,0.000000,0.000000,GrIS
GGN0547,75.683300,-22.750000,,,Stormgletsjer,Stormgletsjer,,,,0.000000,0.000000,GrIS
GGN0548,75.683300,-22.500000,,,Ejnar Mikkelsen Gletsjer,Ejnar Mikkelsen Gletsjer,,,,0.000000,0.000000,GrIS
GGN0549,75.775900,-58.828300,,,Nansen Gletsjer,Nansen Gletsjer,,,,0.000000,0.000000,GrIS
GGN0550,75.824800,-59.039900,,,Nordenskiöld Gletsjer,Nordenskiöld Gletsjer,,,,0.000000,0.000000,GrIS
GGN0551,75.939400,-66.516700,Sermipaluk,Sermipaluk,,Sermipaluk,Hermipaluk,RGI40-05.07597,G293495E75933N,-66.504700,75.933200,LGIC
GGN0552,75.987600,-22.378800,,,Lillegletsjer,Lillegletsjer,,,,0.000000,0.000000,GrIS
GGN0553,75.989000,-59.857500,Nuussuup Sermia,Nûgssûp Sermia,Kong Oscar Gletsjer,Nuussuup Sermia,,,,0.000000,0.000000,GrIS
GGN0554,76.016700,-23.300000,,,L. Bistrup Bræ,L. Bistrup Bræ,,,,0.000000,0.000000,GrIS
GGN0555,76.047300,-65.551800,Sermipaluk,Sermipaluk,,Sermipaluk,Hermipaluk,RGI40-05.07624,G294491E76127N,-65.508600,76.126700,LGIC
GGN0556,76.065500,-65.646800,Kumaat Sermiat,,,Kumaat Sermiat,Kumait Hermiat,RGI40-05.07624,G294491E76127N,-65.508600,76.126700,LGIC
GGN0557,76.066700,-60.633300,Issuusarsuit Sermiat,Igssûssarssuit Sermiat,,Issuusarsuit Sermiat,,,,0.000000,0.000000,GrIS
GGN0558,76.091200,-68.209700,Appakkooriaq,Sermipaluk,,Appakkooriaq,Sermipaluk,RGI40-05.07697,G291951E76111N,-68.048900,76.111000,LGIC
GGN0559,76.094100,-67.778900,Nasersorfik,Nagssersorfik,,Nasersorfik,"Nassersorfik; Naherhorvik",RGI40-05.07787,G292660E76080N,-67.339900,76.079700,LGIC
GGN0560,76.116700,-60.399900,,,Peary Gletsjer,Peary Gletsjer,,,,0.000000,0.000000,GrIS
GGN0561,76.150000,-24.500000,,,A.B. Drachmann Gletsjer,A.B. Drachmann Gletsjer,,,,0.000000,0.000000,GrIS
GGN0562,76.155500,-68.284400,,,Neptune Gletsjer,Neptune Gletsjer,,RGI40-05.07715,G291776E76147N,-68.224400,76.147400,LGIC
GGN0563,76.166700,-21.916700,,,Soranerbræen,Soranerbræen,,,,0.000000,0.000000,GrIS
GGN0564,76.174100,-68.317100,,,Cluett Gletsjer,Cluett Gletsjer,,RGI40-05.07722,G291761E76185N,-68.239400,76.184800,LGIC
GGN0565,76.200000,-26.116700,,,Metaforgletsjer,Metaforgletsjer,,,,0.000000,0.000000,GrIS
GGN0566,76.200000,-25.500000,,,Ebbe Gletsjer,Ebbe Gletsjer,,,,0.000000,0.000000,GrIS
GGN0567,76.216700,-60.999900,,,Rink Gletsjer,Rink Gletsjer,,,,0.000000,0.000000,GrIS
GGN0568,76.239700,-65.243200,Savissuup Sermia,,Savigssuaq Gletscher,Savissuup Sermia,Savissuaq Gletscher,,,0.000000,0.000000,GrIS
GGN0569,76.253300,-64.868200,,,Helland Gletsjer,Helland Gletsjer,,,,0.000000,0.000000,GrIS
GGN0570,76.266700,-63.799800,Appaliarsulipaluup Sermia,Agpaliarssulipalûp Sermia,Mohn Gletsjer,Appaliarsulipaluup Sermia,Appaliarrulipaluup Hermia,RGI40-05.07600,G296228E76253N,-63.772200,76.252500,LGIC
GGN0571,76.277400,-68.585500,Paakitsup Sermersua,Pâkitsup Sermerssua,Pituffik Gletsjer,Paakitsup Sermersua,Paakitsup Hermerrianga,RGI40-05.07736,G291713E76310N,-68.286800,76.309600,LGIC
GGN0572,76.300000,-61.766600,Qeqertat Timaanni Sermeq,,Döcker Smith Gletsjer,Qeqertat Timaanni Sermeq,Qikertat Timaani Sermeq,,,0.000000,0.000000,GrIS
GGN0573,76.316700,-62.499900,,,Morell Gletsjer,Morell Gletsjer,,,,0.000000,0.000000,GrIS
GGN0574,76.319500,-24.993800,,,Budolfi Isstrøm,Budolfi Isstrøm,,,,0.000000,0.000000,GrIS
GGN0575,76.333400,-64.083100,,,Yngvar Nielsen Gletsjer,Yngvar Nielsen Gletsjer,,,,0.000000,0.000000,GrIS
GGN0576,76.383300,-62.766500,Innaqqissorsuup Oqquani Sermeq,,Gade Gletsjer,Innaqqissorsuup Oqquani Sermeq,,,,0.000000,0.000000,GrIS
GGN0577,76.425600,-24.107600,,,Ejnar Gletsjer,Ejnar Gletsjer,,,,0.000000,0.000000,GrIS
GGN0578,76.487300,-25.050400,,,Pony Gletsjer,Pony Gletsjer,,,,0.000000,0.000000,GrIS
GGN0579,76.500100,-68.236600,,,Store Landgletsjer,Store Landgletsjer,,RGI40-05.07772,G291955E76463N,-68.045400,76.463000,LGIC
GGN0580,76.537100,-24.749100,,,Kursbræ,Kursbræ,,RGI40-05.09342,G335213E76547N,-24.787500,76.546500,LGIC
GGN0581,76.579700,-67.626000,Ullip Sermia,Uvdlip Sermerssuaq,Harald Moltke Bræ,Ullip Sermia,"Sermersuaq; Nunatarruup Hermia",,,0.000000,0.000000,GrIS
GGN0582,76.633300,-22.666700,,,Bredebræ,Bredebræ,,,,0.000000,0.000000,GrIS
GGN0583,76.650000,-24.133300,,,Borgjøkel,Borgjøkel,,,,0.000000,0.000000,GrIS
GGN0584,76.698800,-67.043200,,,Søndre Tvillinggletsjer,Søndre Tvillinggletsjer,,,,0.000000,0.000000,GrIS
GGN0585,76.719000,-68.479500,Naajat Sermiat,Naujat Sermiat,Chamberlin Gletsjer,Naajat Sermiat,,RGI40-05.08057,G291497E76805N,-68.502800,76.804900,LGIC
GGN0586,76.722900,-68.673900,Pinguarsuit Sermiat,Pinguarssuit Sermiat,Salisbury Gletsjer,Pinguarsuit Sermiat,,RGI40-05.08057,G291497E76805N,-68.502800,76.804900,LGIC
GGN0587,76.727500,-67.001400,,,Nordre Tvillinggletsjer,Nordre Tvillinggletsjer,,,,0.000000,0.000000,GrIS
GGN0588,76.757800,-67.797100,Equutissaatsut Sermiat,Eqûtigssaitsut Sermiat,Knud Rasmussen Gletsjer,Equutissaatsut Sermiat,,RGI40-05.08054,G292408E76864N,-67.592100,76.863900,LGIC
GGN0589,76.773000,-67.020600,,,Rampen,Rampen,,,,0.000000,0.000000,GrIS
GGN0590,76.830300,-66.886600,,,Tunnelgletsjer,Tunnelgletsjer,,RGI40-05.07857,G293108E76832N,-66.892500,76.831900,LGIC
GGN0591,76.841300,-67.255700,,,Hundetunge Gletsjer,Hundetunge Gletsjer,,RGI40-05.08054,G292408E76864N,-67.592100,76.863900,LGIC
GGN0592,76.850000,-24.766700,,,Trefork Gletsjer,Trefork Gletsjer,,,,0.000000,0.000000,GrIS
GGN0593,76.850000,-66.832900,,,Skjulgletsjer,Skjulgletsjer,,,,0.000000,0.000000,GrIS
GGN0594,76.888700,-70.168400,,,Witzansky Gletsjer,Witzansky Gletsjer,,RGI40-05.08052,G289786E76905N,-70.213900,76.905400,LGIC
GGN0595,76.940600,-70.069800,,,Ivar Berendsen Gletsjer,Ivar Berendsen Gletsjer,,RGI40-05.08048,G289856E76945N,-70.143600,76.944500,LGIC
GGN0596,76.983300,-25.133300,,,Admiralty Gletsjer,Admiralty Gletsjer,,,,0.000000,0.000000,GrIS
GGN0597,76.987600,-70.906200,Sermipaluk,Sermipaluk,,Sermipaluk,,RGI40-05.08044,G289231E77041N,-70.768600,77.040600,LGIC
GGN0598,77.060700,-69.471200,,,Berlingske Bræ,Berlingske Bræ,,RGI40-05.08033,G290557E77062N,-69.443400,77.062100,LGIC
GGN0599,77.066700,-22.766700,,,Storstrømmen,Storstrømmen,,,,0.000000,0.000000,GrIS
GGN0600,77.080100,-66.223200,Sermiarsupaluk,Sermiarssupaluk,,Sermiarsupaluk,,,,0.000000,0.000000,GrIS
GGN0601,77.082500,-24.662900,,,Admiralty Gletsjer,Admiralty Gletsjer,,,,0.000000,0.000000,GrIS
GGN0602,77.087500,-24.169000,,,Gultop Gletsjer,Gultop Gletsjer,,,,0.000000,0.000000,GrIS
GGN0603,77.116700,-25.166700,,,Sunderland Gletsjer,Sunderland Gletsjer,,,,0.000000,0.000000,GrIS
GGN0604,77.116700,-22.083300,,,Sælsøgletsjer,Sælsøgletsjer,,,,0.000000,0.000000,GrIS
GGN0605,77.129900,-70.756600,,,Tyndall Gletsjer,Tyndall Gletsjer,,RGI40-05.08042,G289278E77092N,-70.721600,77.092200,LGIC
GGN0606,77.160200,-69.602400,Itillersuaq,Itivdlerssuaq,Politiken Bræ,Itillersuaq,Itutterriaq,RGI40-05.08024,G290425E77172N,-69.574700,77.172200,LGIC
GGN0607,77.185800,-69.254800,Sermiarsupaluk,Sermiarssupaluk,Savage Gletsjer,Sermiarsupaluk,,RGI40-05.08065,G290678E77156N,-69.322100,77.155700,LGIC
GGN0608,77.206500,-70.483700,Sermipaluk,,,Sermipaluk,Hermipaluk,RGI40-05.08013,G289533E77202N,-70.467100,77.202100,LGIC
GGN0609,77.206900,-66.002900,Kangerluarsorujussuup Qinngua,Kangerdluarssûp Qíngua,Marie Gletsjer,Kangerluarsorujussuup Qinngua,"Kangerluarsuup Qinngua; Kangertuarrurujussuup Qinngua; Marie Bræ; Marre Gletscher",,,0.000000,0.000000,GrIS
GGN0610,77.216700,-24.983300,,,Hasting Gletsjer,Hasting Gletsjer,,,,0.000000,0.000000,GrIS
GGN0611,77.222300,-69.729800,Sermiarsussuaq,,,Sermiarsussuaq,,RGI40-05.08022,G290260E77195N,-69.740100,77.194900,LGIC
GGN0612,77.232200,-24.312400,,,Britannia Gletsjer,Britannia Gletsjer,,,,0.000000,0.000000,GrIS
GGN0613,77.234500,-65.316400,,,Academy Gletsjer,Academy Gletsjer,,,,0.000000,0.000000,GrIS
GGN0614,77.235300,-70.145200,Misuumasoq,Misûmassoq,,Misuumasoq,,RGI40-05.08020,G289879E77222N,-70.121000,77.221700,LGIC
GGN0615,77.250000,-20.783400,,,Søgletsjer,Søgletsjer,,RGI40-05.09558,G339406E77225N,-20.594300,77.224800,LGIC
GGN0616,77.256200,-65.977000,,,Leidy Gletsjer,Leidy Gletsjer,,,,0.000000,0.000000,GrIS
GGN0617,77.340300,-71.694500,Qassisallip Sermia,,Kiatak Gletsjer,Qassisallip Sermia,Qaggihattup Hermia,RGI40-05.08136,G288274E77340N,-71.726200,77.340400,LGIC
GGN0618,77.361800,-67.987200,Siunnaatalik,Siúnautalik,Hurlbut Gletsjer,Siunnaatalik,,RGI40-05.07854,G292196E77316N,-67.804100,77.316100,LGIC
GGN0619,77.366700,-24.416700,,,Suzanne Bræ,Suzanne Bræ,,,,0.000000,0.000000,GrIS
GGN0620,77.378300,-72.266700,Ujarasussuarsuit Itilliat,,,Ujarasussuarsuit Itilliat,Ujarahuhhuarruit Itivtiat,RGI40-05.08122,G287724E77384N,-72.275800,77.383800,LGIC
GGN0621,77.393300,-71.658300,Sermiarsussuaq,Sermiarssugssuaq,,Sermiarsussuaq,,RGI40-05.08129,G288260E77381N,-71.740300,77.380900,LGIC
GGN0622,77.407200,-71.896800,Marnit Sermiat,,Robins Gletsjer,Marnit Sermiat,Marnit Hermiat,RGI40-05.08119,G288095E77402N,-71.905300,77.402200,LGIC
GGN0623,77.407200,-72.452500,Qangattaat Sermiat,Sermiarssupaluk,Vestgletsjer,Qangattaat Sermiat,"Sermiarsupaluk; Qangattait Hermiat Appaarruit Timaanni",RGI40-05.08117,G287589E77408N,-72.411200,77.407700,LGIC
GGN0624,77.419900,-72.033800,Ujaassuup Sermia,Ujâgsup Sermia,Parish Gletsjer,Ujaassuup Sermia,"Ujaassup Sermia; Ujaagguup Hermia",RGI40-05.08118,G287929E77398N,-72.071300,77.398200,LGIC
GGN0625,77.431200,-70.483400,Sermiarsupaluk,,,Sermiarsupaluk,Hermiarrupaluk,RGI40-05.08083,G289336E77433N,-70.663800,77.432700,LGIC
GGN0626,77.432300,-72.213500,Upernavissuup Sermia,Upernavigssûp Sermia,Kissel Gletsjer,Upernavissuup Sermia,Upernavigguup Hermia,RGI40-05.08116,G287782E77421N,-72.217900,77.421000,LGIC
GGN0627,77.449400,-70.634400,Sermiarsussuaq,,,Sermiarsussuaq,Hermiarrurruaq,RGI40-05.08083,G289336E77433N,-70.663800,77.432700,LGIC
GGN0628,77.499900,-69.193600,,,Qaanaaq Gletsjer,Qaanaaq Gletsjer,,RGI40-05.08005,G290838E77522N,-69.161600,77.522300,LGIC
GGN0629,77.500000,-21.866700,,,Kofoed-Hansen Bræ,Kofoed-Hansen Bræ,,,,0.000000,0.000000,GrIS
GGN0630,77.500900,-68.753300,Sermiarsupaluk,Sermiarssupaluk,,Sermiarsupaluk,Hermiarrupaluk,RGI40-05.08110,G291039E77514N,-68.960800,77.514100,LGIC
GGN0631,77.516700,-65.666400,Qaqujaarsuup Sermia,Qaqujârssûp Sermia,Heilprin Gletsjer,Qaqujaarsuup Sermia,,,,0.000000,0.000000,GrIS
GGN0632,77.525700,-69.300900,,,Bryant Gletsjer,Bryant Gletsjer,,RGI40-05.08005,G290838E77522N,-69.161600,77.522300,LGIC
GGN0633,77.526200,-68.694400,,,Twin Gletsjer,Twin Gletsjer,,RGI40-05.08109,G291280E77528N,-68.720200,77.528000,LGIC
GGN0634,77.560200,-68.778500,,,Sydgletsjer,Sydgletsjer,,RGI40-05.08108,G291022E77560N,-68.977700,77.559700,LGIC
GGN0635,77.562900,-69.652400,,,Fan Gletsjer,Fan Gletsjer,,RGI40-05.08106,G290534E77581N,-69.466400,77.580800,LGIC
GGN0636,77.576400,-68.268100,,,Østgletsjer,Østgletsjer,,RGI40-05.08063,G291817E77564N,-68.182700,77.563900,LGIC
GGN0637,77.602500,-67.741900,Quinisut Sermiat,Quinissut Sermiat,Hubbard Gletsjer,Quinisut Sermiat,Quinnisut Sermiat,,,0.000000,0.000000,GrIS
GGN0638,77.605900,-68.769800,Sermiarsupaluk,Sermiarssupaluk,Gnom Gletsjer,Sermiarsupaluk,Hermiarrupaluk,RGI40-05.08104,G291169E77605N,-68.831400,77.605000,LGIC
GGN0639,77.616700,-68.182800,,,Gable Gletsjer,Gable Gletsjer,,,,0.000000,0.000000,GrIS
GGN0640,77.636000,-68.967300,Qaqortap Sermia,,Qaqortaq Gletscher,Qaqortap Sermia,,RGI40-05.08103,G290914E77601N,-69.085900,77.601000,LGIC
GGN0641,77.654500,-69.409200,,,Scarlet Heart Gletsjer,Scarlet Heart Gletsjer,,RGI40-05.08095,G290628E77632N,-69.371900,77.632400,LGIC
GGN0642,77.656400,-65.967900,Qeqertaarsuusarsuup Sermia,Qeqertârssûssarssûp Sermia,Tracy Gletsjer,Qeqertaarsuusarsuup Sermia,,,,0.000000,0.000000,GrIS
GGN0643,77.677700,-68.320700,,,Mirror Gletsjer,Mirror Gletsjer,,,,0.000000,0.000000,GrIS
GGN0644,77.693400,-68.582900,Kangerluarsuup Sermia,,Bowdoin Gletsjer,Kangerluarsuup Sermia,,,,0.000000,0.000000,GrIS
GGN0645,77.699100,-67.175900,Paarnarsuit Sermiat,,Hart Gletsjer,Paarnarsuit Sermiat,,,,0.000000,0.000000,GrIS
GGN0646,77.700000,-66.233000,Tuttulipaluup Sermia,,Farquhar Gletsjer,Tuttulipaluup Sermia,,,,0.000000,0.000000,GrIS
GGN0647,77.716700,-66.949600,Toornaarsulissuup Sermii,,Sharp Gletsjer,Toornaarsulissuup Sermii,,,,0.000000,0.000000,GrIS
GGN0648,77.731500,-66.644400,Toornaarsulissuup Sermii,,Melville Gletsjer,Toornaarsulissuup Sermii,,,,0.000000,0.000000,GrIS
GGN0649,77.733600,-68.352400,,,East Branch Gletsjer,East Branch Gletsjer,,,,0.000000,0.000000,GrIS
GGN0650,77.733700,-68.793100,Tuttu Gletsjer,,Tugto Gletscher,Tuttu Gletsjer,,,,0.000000,0.000000,GrIS
GGN0651,77.779000,-69.428700,Iterlassuup Sermia,Iterdlagssûp Qíngua,Sun Gletsjer,Iterlassuup Sermia,"Iterlassuup Qinngua; Itertagguup Sermia",,,0.000000,0.000000,GrIS
GGN0652,77.810800,-70.961300,Naajaat Sermiat,,Illuluarsuit Gletsjer,Naajaat Sermiat,Naujaat Sermiat,RGI40-05.08191,G289065E77823N,-70.935300,77.823000,LGIC
GGN0653,77.837800,-71.181300,Sermiarsupaluk,Sermiarssupaluk,,Sermiarsupaluk,,RGI40-05.08188,G288897E77833N,-71.103400,77.832900,LGIC
GGN0654,77.854000,-70.671600,Siorarsuit Sermiat,,Siorarsuaq Gletsjer,Siorarsuit Sermiat,,RGI40-05.08182,G289359E77848N,-70.641200,77.847800,LGIC
GGN0655,77.875700,-69.851300,Qinnguata Sermia,Siorapalûp Qíngua,Verhoeff Gletsjer,Qinnguata Sermia,Siorapaluup Qinngua,,,0.000000,0.000000,GrIS
GGN0656,77.880000,-70.297300,Ikernup Sermia,Ikernup Sermia,Meehan Gletsjer,Ikernup Sermia,,,,0.000000,0.000000,GrIS
GGN0657,77.907000,-71.081200,Neqip Sermia,Neqip Sermia,Morris Jesup Gletsjer,Neqip Sermia,,,,0.000000,0.000000,GrIS
GGN0658,77.947500,-71.850100,Arfalluarfiup Sermia,Pitorâviup Sermia,Clements Markham Gletsjer,Arfalluarfiup Sermia,Pitoraaviup Sermia,,,0.000000,0.000000,GrIS
GGN0659,77.952100,-71.590700,Arfalluarfiup Sermia,Arfagdluarfiup Sermia,Diebitsch Gletsjer,Arfalluarfiup Sermia,Neqip Illuata Sermia,,,0.000000,0.000000,GrIS
GGN0660,78.022400,-72.166900,,,Bamse Gletsjer,Bamse Gletsjer,,,,0.000000,0.000000,GrIS
GGN0661,78.059800,-72.238300,,,Bu Gletsjer,Bu Gletsjer,,,,0.000000,0.000000,GrIS
GGN0662,78.071700,-72.430100,Itutterriaq,,Child Gletsjer,Itutterriaq,,,,0.000000,0.000000,GrIS
GGN0663,78.141500,-72.754400,,,Storm Gletsjer,Storm Gletsjer,,,,0.000000,0.000000,GrIS
GGN0664,78.153700,-72.679700,Itilliarsuk,Itivdliarssuk,,Itilliarsuk,,,,0.000000,0.000000,GrIS
GGN0665,78.176100,-72.679600,,,Dodge Gletsjer,Dodge Gletsjer,,,,0.000000,0.000000,GrIS
GGN0666,78.283300,-21.583300,,,Blæsebræ,Blæsebræ,,,,0.000000,0.000000,GrIS
GGN0667,78.283400,-72.265400,,,Brother John Gletsjer,Brother John Gletsjer,,,,0.000000,0.000000,GrIS
GGN0668,78.677800,-21.483400,,,Gammel Hellerup Gletsjer,Gammel Hellerup Gletsjer,,,,0.000000,0.000000,GrIS
GGN0669,78.820300,-67.051800,,,Hiawatha Gletsjer,Hiawatha Gletsjer,,,,0.000000,0.000000,GrIS
GGN0670,78.933300,-21.000000,,,Zachariae Isstrøm,Zachariae Isstrøm,,,,0.000000,0.000000,GrIS
GGN0671,79.446200,-63.395700,Sermersuaq,Sermerssuaq,Humboldt Gletsjer,Sermersuaq,,,,0.000000,0.000000,GrIS
GGN0672,79.711300,-20.292800,,,Spaltegletsjer,Spaltegletsjer,,,,0.000000,0.000000,GrIS
GGN0673,80.205900,-16.832100,,,Depotgletsjer,Depotgletsjer,,RGI40-05.09997,G343249E80231N,-16.750800,80.231300,LGIC
GGN0674,80.222400,-16.665900,,,Mallemukgletsjer,Mallemukgletsjer,,RGI40-05.09997,G343249E80231N,-16.750800,80.231300,LGIC
GGN0675,80.316700,-19.900000,,,Aage Bertelsen Gletsjer,Aage Bertelsen Gletsjer,,RGI40-05.09937,G339749E80313N,-20.250700,80.312500,LGIC
GGN0676,80.460500,-16.627900,,,Mågegletsjer,Mågegletsjer,,RGI40-05.09992,G343355E80425N,-16.645100,80.425300,LGIC
GGN0677,80.495100,-18.940000,,,Brede Spærregletsjer,Brede Spærregletsjer,,RGI40-05.09915,G340801E80458N,-19.198800,80.457600,LGIC
GGN0678,80.571200,-19.376700,,,Dråbegletsjer,Dråbegletsjer,,RGI40-05.09919,G340571E80575N,-19.429000,80.575400,LGIC
GGN0679,80.583300,-60.050000,,,Petermann Gletsjer,Petermann Gletsjer,,,,0.000000,0.000000,GrIS
GGN0680,80.617600,-18.072000,,,Bjørnegletsjer,Bjørnegletsjer,,RGI40-05.10324,G341927E80608N,-18.072800,80.607700,LGIC
GGN0681,80.633600,-18.644300,,,Smalle Spærregletsjer,Smalle Spærregletsjer,,RGI40-05.10352,G341418E80693N,-18.582000,80.693400,LGIC
GGN0682,80.674200,-19.416800,,,Hjørnegletsjer,Hjørnegletsjer,,RGI40-05.10347,G340822E80748N,-19.177600,80.748100,LGIC
GGN0683,80.717100,-59.281100,,,Porsild Gletsjer,Porsild Gletsjer,,,,0.000000,0.000000,GrIS
GGN0684,80.762200,-17.473000,,,Tobias Gletsjer,Tobias Gletsjer,,RGI40-05.10361,G341865E80809N,-18.135400,80.808700,LGIC
GGN0685,80.817900,-60.052500,,,Sigurd Berg Gletsjer,Sigurd Berg Gletsjer,,,,0.000000,0.000000,GrIS
GGN0686,80.865100,-61.779500,,,Cecil Gletsjer,Cecil Gletsjer,,RGI40-05.08445,G297905E80883N,-62.095000,80.882500,LGIC
GGN0687,80.950400,-61.869300,,,Faith Gletsjer,Faith Gletsjer,,RGI40-05.08443,G297605E81009N,-62.395000,81.009100,LGIC
GGN0688,80.983500,-60.632100,,,Hubert Gletsjer,Hubert Gletsjer,,,,0.000000,0.000000,GrIS
GGN0689,81.040400,-60.820600,,,Belgrave Gletsjer,Belgrave Gletsjer,,,,0.000000,0.000000,GrIS
GGN0690,81.058000,-62.190000,,,Edith Gletsjer,Edith Gletsjer,,RGI40-05.08443,G297605E81009N,-62.395000,81.009100,LGIC
GGN0691,81.077800,-62.418600,,,Constance Gletsjer,Constance Gletsjer,Constance Gletscher,RGI40-05.08443,G297605E81009N,-62.395000,81.009100,LGIC
GGN0692,81.333300,-16.966700,,,Marsk Stig Bræ,Marsk Stig Bræ,,RGI40-05.10315,G344790E81287N,-15.210100,81.286900,LGIC
GGN0693,81.383300,-54.033300,,,Steensby Gletsjer,Steensby Gletsjer,,,,0.000000,0.000000,GrIS
GGN0694,81.450000,-27.350000,,,Hagen Bræ,Hagen Bræ,,,,0.000000,0.000000,GrIS
GGN0695,81.533300,-14.733400,,,Flade Isblink,Flade Isblink,,RGI40-05.10315,G344790E81287N,-15.210100,81.286900,LGIC
GGN0696,81.544900,-45.366800,,,C.H. Ostenfeld Gletsjer,C.H. Ostenfeld Gletsjer,,,,0.000000,0.000000,GrIS
GGN0697,81.550000,-50.250000,,,Ryder Gletsjer,Ryder Gletsjer,,,,0.000000,0.000000,GrIS
GGN0698,81.566700,-32.250000,,,Academy GGletsjer,Academy GGletsjer,,,,0.000000,0.000000,GrIS
GGN0699,81.733300,-35.666700,,,Nyeboe Gletsjer,Nyeboe Gletsjer,,,,0.000000,0.000000,GrIS
GGN0700,81.774200,-44.445000,,,Harder Gletsjer,Harder Gletsjer,,,,0.000000,0.000000,GrIS
GGN0701,81.783300,-34.500000,,,Marie Sophie Gletsjer,Marie Sophie Gletsjer,,,,0.000000,0.000000,GrIS
GGN0702,81.900000,-36.000000,,,Hobbs Gletsjer,Hobbs Gletsjer,,,,0.000000,0.000000,GrIS
GGN0703,81.916700,-29.166700,,,Hestetunge Bræ,Hestetunge Bræ,,RGI40-05.10312,G331215E81911N,-28.784900,81.911200,LGIC
GGN0704,81.950000,-29.133300,,,Hugh Lee Bræ,Hugh Lee Bræ,,RGI40-05.10312,G331215E81911N,-28.784900,81.911200,LGIC
GGN0705,81.950000,-28.783300,,,Josephine Bræ,Josephine Bræ,,RGI40-05.10312,G331215E81911N,-28.784900,81.911200,LGIC
GGN0706,82.116700,-38.666700,,,Astrup Bræ,Astrup Bræ,,,,0.000000,0.000000,GrIS
GGN0707,82.126200,-42.655200,,,Jungersen Gletsjer,Jungersen Gletsjer,,,,0.000000,0.000000,GrIS
GGN0708,82.202100,-39.963900,,,Adams Gletsjer,Adams Gletsjer,,,,0.000000,0.000000,GrIS
GGN0709,82.245900,-40.783600,,,Ekspedition Bræ,Ekspedition Bræ,Henson Gletsjer,,,0.000000,0.000000,GrIS
GGN0710,82.483300,-40.333300,,,Inukitsaq Gletsjer,Inukitsaq Gletsjer,,RGI40-05.10755,G319949E82483N,-40.051400,82.482700,LGIC
GGN0711,82.554200,-40.306800,,,Aajaku Gletsjer,Aajaku Gletsjer,,RGI40-05.10736,G320012E82531N,-39.988000,82.530900,LGIC
GGN0712,82.564700,-38.807800,,,Persuaq Gletsjer,Persuaq Gletsjer,,RGI40-05.10748,G321124E82566N,-38.876200,82.565600,LGIC
GGN0713,82.633300,-36.333300,,,Ymer Gletsjer,Ymer Gletsjer,,RGI40-05.10747,G323244E82655N,-36.755700,82.654600,LGIC
GGN0714,82.683300,-39.416700,,,Lurgletscher,Lurgletscher,,RGI40-05.10748,G321124E82566N,-38.876200,82.565600,LGIC
GGN0715,82.793700,-38.500000,,,Tjalfe Gletsjer,Tjalfe Gletsjer,,RGI40-05.10749,G322065E82674N,-37.935300,82.673500,LGIC
GGN0716,82.900000,-35.333300,,,Sleipner Bræ,Sleipner Bræ,,RGI40-05.10683,G324663E82878N,-35.336700,82.878300,LGIC
GGN0717,82.911900,-31.920700,,,Balder Gletsjer,Balder Gletsjer,,RGI40-05.10862,G328441E82854N,-31.558700,82.854000,LGIC
GGN0718,83.017800,-45.369000,,,Buys-Ballot Gletsjer,Buys-Ballot Gletsjer,,RGI40-05.10607,G314965E83009N,-45.034800,83.008900,LGIC
GGN0719,83.059400,-31.058000,,,Gefion Bræ,Gefion Bræ,,RGI40-05.10844,G329178E83012N,-30.821800,83.011700,LGIC
GGN0720,83.163800,-36.962600,,,Dreng Bræ,Dreng Bræ,,RGI40-05.10988,G322874E83240N,-37.125900,83.240100,LGIC
GGN0721,83.233300,-33.333300,,,Sif Gletsjer,Sif Gletsjer,,RGI40-05.10893,G326894E83267N,-33.105800,83.267300,LGIC
GGN0722,83.271400,-33.922500,,,Nysne Gletsjer,Nysne Gletsjer,,RGI40-05.11024,G326293E83301N,-33.707500,83.300800,LGIC
GGN0723,83.316500,-28.414600,,,Ydun Gletsjer,Ydun Gletsjer,,RGI40-05.11042,G331745E83306N,-28.254900,83.305900,LGIC
GGN0724,83.316700,-34.250000,,,Sydgletsjer,Sydgletsjer,,RGI40-05.10959,G325843E83366N,-34.157300,83.365800,LGIC
GGN0725,83.323200,-34.581800,,,Modvindgletsjer,Modvindgletsjer,,RGI40-05.10959,G325843E83366N,-34.157300,83.365800,LGIC
GGN0726,83.363300,-38.560200,,,Thomas Gletsjer,Thomas Gletsjer,,RGI40-05.10957,G321679E83360N,-38.320700,83.360300,LGIC
GGN0727,83.386300,-34.257300,,,Malcantone Gletsjer,Malcantone Gletsjer,,RGI40-05.10959,G325843E83366N,-34.157300,83.365800,LGIC
GGN0728,83.409100,-29.604000,,,Borup Gletsjer,Borup Gletsjer,,RGI40-05.11037,G330072E83405N,-29.928100,83.405400,LGIC
GGN0729,83.421300,-36.782200,,,A. Harmsworth Gletsjer,A. Harmsworth Gletsjer,,RGI40-05.11001,G323832E83396N,-36.168400,83.396200,LGIC
GGN0730,83.437600,-28.502000,,,Moore Gletsjer,Moore Gletsjer,,RGI40-05.11026,G331489E83400N,-28.511100,83.400400,LGIC
GGN0731,83.450000,-34.333300,,,MacMillan Gletsjer,MacMillan Gletsjer,,RGI40-05.10889,G325659E83447N,-34.341400,83.447300,LGIC
GGN0732,83.453200,-27.627700,,,Bertelsen Gletsjer,Bertelsen Gletsjer,,RGI40-05.11025,G332052E83445N,-27.948400,83.445200,LGIC
GGN0733,83.458900,-34.722200,,,Nordgletsjer,Nordgletsjer,,RGI40-05.10887,G325109E83418N,-34.891500,83.418200,LGIC
